video,label,start_frame_id,end_frame_id
10_fireworks_02,PHF,101,101
10_fireworks_02,PFS,57,57
10_fireworks_02,PS,101,101
10_fireworks_02,flash,101,101
10_fireworks_02,flash,31,34
10_fireworks_02,flash,46,57
11_fireworks_03,PHF,1302,1302
11_fireworks_03,PHF,1737,1737
11_fireworks_03,PFS,1575,1575
11_fireworks_03,PFS,62,62
11_fireworks_03,PFS,888,888
11_fireworks_03,PS,1014,1014
11_fireworks_03,PS,1302,1302
11_fireworks_03,PS,1737,1737
11_fireworks_03,PS,62,62
11_fireworks_03,PSP,1698,1698
11_fireworks_03,PSP,1702,1705
11_fireworks_03,PSP,211,217
11_fireworks_03,PSP,635,635
11_fireworks_03,PSP,71,71
11_fireworks_03,PSP,79,79
11_fireworks_03,PSP,83,83
11_fireworks_03,PSP,89,89
11_fireworks_03,PSP,91,91
11_fireworks_03,PHP,211,215
11_fireworks_03,PHP,83,83
11_fireworks_03,flash,1014,1093
11_fireworks_03,flash,1104,1179
11_fireworks_03,flash,1182,1194
11_fireworks_03,flash,1215,1229
11_fireworks_03,flash,1230,125
11_fireworks_03,flash,1259,1280
11_fireworks_03,flash,1302,1536
11_fireworks_03,flash,154,154
11_fireworks_03,flash,155,155
11_fireworks_03,flash,1563,1659
11_fireworks_03,flash,1694,1712
11_fireworks_03,flash,173,173
11_fireworks_03,flash,1737,31
11_fireworks_03,flash,314,314
11_fireworks_03,flash,32,32
11_fireworks_03,flash,331,390
11_fireworks_03,flash,40,529
11_fireworks_03,flash,537,565
11_fireworks_03,flash,62,660
11_fireworks_03,flash,675,675
11_fireworks_03,flash,698,739
11_fireworks_03,flash,79,79
11_fireworks_03,flash,812,838
11_fireworks_03,flash,855,903
11_fireworks_03,flash,91,91
11_fireworks_03,flash,919,955
12_driving_01,PHF,10,102
12_driving_01,PHF,109,119
12_driving_01,PHF,137,140
12_driving_01,PHF,151,151
12_driving_01,PHF,158,158
12_driving_01,PHF,182,182
12_driving_01,PHF,206,206
12_driving_01,PHF,214,214
12_driving_01,PHF,3,30
12_driving_01,PHF,35,35
12_driving_01,PHF,96,96
12_driving_01,PHR,102,102
12_driving_01,PHR,110,114
12_driving_01,PHR,140,146
12_driving_01,PHR,158,164
12_driving_01,PHR,176,182
12_driving_01,PHR,190,191
12_driving_01,PHR,59,80
12_driving_01,PHR,84,86
12_driving_01,PHR,96,96
12_driving_01,PFS,119,119
12_driving_01,PFS,214,214
12_driving_01,PFS,84,84
12_driving_01,PS,10,102
12_driving_01,PS,109,119
12_driving_01,PS,122,151
12_driving_01,PS,158,168
12_driving_01,PS,182,198
12_driving_01,PS,206,206
12_driving_01,PS,214,214
12_driving_01,PS,3,30
12_driving_01,PS,35,35
12_driving_01,PS,53,53
12_driving_01,PS,80,86
12_driving_01,PS,96,98
12_driving_01,flash,10,219
12_driving_01,flash,221,98
13_driving_02,PHF,24,24
13_driving_02,PHF,35,39
13_driving_02,PHF,42,46
13_driving_02,PHR,34,39
13_driving_02,PHR,42,42
13_driving_02,PHR,49,60
13_driving_02,PFS,24,39
13_driving_02,PS,0,1
13_driving_02,PS,13,39
13_driving_02,PS,42,60
13_driving_02,flash,1,39
13_driving_02,flash,42,60
14_driving_03,PHF,112,135
14_driving_03,PHF,148,148
14_driving_03,PHF,163,166
14_driving_03,PHF,18,204
14_driving_03,PHF,222,239
14_driving_03,PHF,29,29
14_driving_03,PHF,382,393
14_driving_03,PHF,402,422
14_driving_03,PHF,435,462
14_driving_03,PHF,474,474
14_driving_03,PHF,480,498
14_driving_03,PHF,516,532
14_driving_03,PHF,540,540
14_driving_03,PHF,552,553
14_driving_03,PHF,561,578
14_driving_03,PHF,600,605
14_driving_03,PHF,611,626
14_driving_03,PHF,660,679
14_driving_03,PHF,71,71
14_driving_03,PHF,76,82
14_driving_03,PHF,93,93
14_driving_03,PHR,434,434
14_driving_03,PHR,464,464
14_driving_03,PHR,544,547
14_driving_03,PS,0,0
14_driving_03,PS,112,118
14_driving_03,PS,125,135
14_driving_03,PS,148,148
14_driving_03,PS,163,166
14_driving_03,PS,18,204
14_driving_03,PS,222,229
14_driving_03,PS,29,29
14_driving_03,PS,382,393
14_driving_03,PS,402,419
14_driving_03,PS,421,422
14_driving_03,PS,434,464
14_driving_03,PS,474,474
14_driving_03,PS,480,498
14_driving_03,PS,516,532
14_driving_03,PS,540,553
14_driving_03,PS,561,578
14_driving_03,PS,600,605
14_driving_03,PS,611,626
14_driving_03,PS,660,679
14_driving_03,PS,71,71
14_driving_03,PS,76,82
14_driving_03,PS,93,93
14_driving_03,flash,0,0
14_driving_03,flash,112,135
14_driving_03,flash,148,148
14_driving_03,flash,163,166
14_driving_03,flash,18,204
14_driving_03,flash,222,419
14_driving_03,flash,421,422
14_driving_03,flash,435,462
14_driving_03,flash,474,474
14_driving_03,flash,480,498
14_driving_03,flash,516,532
14_driving_03,flash,540,540
14_driving_03,flash,552,553
14_driving_03,flash,561,583
14_driving_03,flash,600,605
14_driving_03,flash,611,626
14_driving_03,flash,660,71
14_driving_03,flash,76,82
14_driving_03,flash,93,93
14_driving_03,pattern,246,289
14_driving_03,pattern,290,380
15_moving_lights,pattern,103,89
17_flikering_lights,PHF,1001,1002
17_flikering_lights,PHF,1025,1025
17_flikering_lights,PHF,1039,104
17_flikering_lights,PHF,1043,1043
17_flikering_lights,PHF,1051,1051
17_flikering_lights,PHF,1063,1073
17_flikering_lights,PHF,108,1080
17_flikering_lights,PHF,109,1106
17_flikering_lights,PHF,112,112
17_flikering_lights,PHF,1121,1121
17_flikering_lights,PHF,1129,1140
17_flikering_lights,PHF,1148,1148
17_flikering_lights,PHF,1175,1175
17_flikering_lights,PHF,1197,1197
17_flikering_lights,PHF,1201,1206
17_flikering_lights,PHF,1230,1231
17_flikering_lights,PHF,1242,1246
17_flikering_lights,PHF,1268,1268
17_flikering_lights,PHF,1279,1279
17_flikering_lights,PHF,1300,1307
17_flikering_lights,PHF,1331,1331
17_flikering_lights,PHF,134,134
17_flikering_lights,PHF,1341,1341
17_flikering_lights,PHF,1368,1372
17_flikering_lights,PHF,1375,1380
17_flikering_lights,PHF,1395,1395
17_flikering_lights,PHF,1443,1448
17_flikering_lights,PHF,171,179
17_flikering_lights,PHF,189,189
17_flikering_lights,PHF,193,217
17_flikering_lights,PHF,22,22
17_flikering_lights,PHF,235,235
17_flikering_lights,PHF,239,263
17_flikering_lights,PHF,270,287
17_flikering_lights,PHF,30,30
17_flikering_lights,PHF,303,308
17_flikering_lights,PHF,312,312
17_flikering_lights,PHF,34,346
17_flikering_lights,PHF,353,353
17_flikering_lights,PHF,379,38
17_flikering_lights,PHF,39,395
17_flikering_lights,PHF,407,407
17_flikering_lights,PHF,421,421
17_flikering_lights,PHF,427,427
17_flikering_lights,PHF,444,444
17_flikering_lights,PHF,448,449
17_flikering_lights,PHF,488,495
17_flikering_lights,PHF,502,502
17_flikering_lights,PHF,511,511
17_flikering_lights,PHF,520,527
17_flikering_lights,PHF,532,532
17_flikering_lights,PHF,547,551
17_flikering_lights,PHF,559,559
17_flikering_lights,PHF,565,575
17_flikering_lights,PHF,580,580
17_flikering_lights,PHF,594,614
17_flikering_lights,PHF,629,629
17_flikering_lights,PHF,635,644
17_flikering_lights,PHF,649,650
17_flikering_lights,PHF,659,660
17_flikering_lights,PHF,673,673
17_flikering_lights,PHF,675,675
17_flikering_lights,PHF,69,69
17_flikering_lights,PHF,71,71
17_flikering_lights,PHF,729,729
17_flikering_lights,PHF,750,750
17_flikering_lights,PHF,760,767
17_flikering_lights,PHF,787,790
17_flikering_lights,PHF,795,80
17_flikering_lights,PHF,803,804
17_flikering_lights,PHF,820,827
17_flikering_lights,PHF,853,859
17_flikering_lights,PHF,866,866
17_flikering_lights,PHF,891,894
17_flikering_lights,PHF,923,923
17_flikering_lights,PHF,93,93
17_flikering_lights,PHF,937,939
17_flikering_lights,PHF,989,989
17_flikering_lights,PHF,998,998
17_flikering_lights,PHR,104,104
17_flikering_lights,PHR,1063,1063
17_flikering_lights,PHR,1070,1073
17_flikering_lights,PHR,108,108
17_flikering_lights,PHR,1090,1090
17_flikering_lights,PHR,110,110
17_flikering_lights,PHR,1129,1129
17_flikering_lights,PHR,1197,1197
17_flikering_lights,PHR,1201,1206
17_flikering_lights,PHR,1246,1246
17_flikering_lights,PHR,1368,1371
17_flikering_lights,PHR,1375,1375
17_flikering_lights,PHR,1443,1444
17_flikering_lights,PHR,171,173
17_flikering_lights,PHR,179,179
17_flikering_lights,PHR,244,244
17_flikering_lights,PHR,287,287
17_flikering_lights,PHR,304,308
17_flikering_lights,PHR,346,346
17_flikering_lights,PHR,353,370
17_flikering_lights,PHR,527,527
17_flikering_lights,PHR,547,548
17_flikering_lights,PHR,594,6
17_flikering_lights,PHR,611,611
17_flikering_lights,PHR,64,64
17_flikering_lights,PHR,649,649
17_flikering_lights,PHR,658,660
17_flikering_lights,PHR,71,71
17_flikering_lights,PHR,766,767
17_flikering_lights,PHR,790,790
17_flikering_lights,PHR,827,827
17_flikering_lights,PHR,891,894
17_flikering_lights,PFS,1005,1005
17_flikering_lights,PFS,1025,1025
17_flikering_lights,PFS,104,104
17_flikering_lights,PFS,106,106
17_flikering_lights,PFS,1063,1063
17_flikering_lights,PFS,1070,1073
17_flikering_lights,PFS,108,108
17_flikering_lights,PFS,109,109
17_flikering_lights,PFS,110,110
17_flikering_lights,PFS,112,112
17_flikering_lights,PFS,1129,1140
17_flikering_lights,PFS,1197,1197
17_flikering_lights,PFS,1201,1206
17_flikering_lights,PFS,1246,1246
17_flikering_lights,PFS,1268,1268
17_flikering_lights,PFS,1303,1308
17_flikering_lights,PFS,1371,1380
17_flikering_lights,PFS,1443,1443
17_flikering_lights,PFS,1445,1448
17_flikering_lights,PFS,171,171
17_flikering_lights,PFS,173,179
17_flikering_lights,PFS,239,244
17_flikering_lights,PFS,287,287
17_flikering_lights,PFS,304,308
17_flikering_lights,PFS,346,346
17_flikering_lights,PFS,353,370
17_flikering_lights,PFS,421,421
17_flikering_lights,PFS,527,527
17_flikering_lights,PFS,532,532
17_flikering_lights,PFS,547,549
17_flikering_lights,PFS,594,594
17_flikering_lights,PFS,604,604
17_flikering_lights,PFS,64,64
17_flikering_lights,PFS,649,660
17_flikering_lights,PFS,69,69
17_flikering_lights,PFS,71,71
17_flikering_lights,PFS,729,729
17_flikering_lights,PFS,766,767
17_flikering_lights,PFS,787,790
17_flikering_lights,PFS,827,827
17_flikering_lights,PFS,891,894
17_flikering_lights,PS,1001,1002
17_flikering_lights,PS,1025,1025
17_flikering_lights,PS,1039,104
17_flikering_lights,PS,1043,1043
17_flikering_lights,PS,1051,1051
17_flikering_lights,PS,1063,1073
17_flikering_lights,PS,108,1080
17_flikering_lights,PS,109,1106
17_flikering_lights,PS,112,112
17_flikering_lights,PS,1121,1121
17_flikering_lights,PS,1129,1140
17_flikering_lights,PS,1148,1148
17_flikering_lights,PS,1175,1175
17_flikering_lights,PS,1197,1197
17_flikering_lights,PS,1201,1206
17_flikering_lights,PS,1230,1231
17_flikering_lights,PS,1242,1246
17_flikering_lights,PS,1268,1268
17_flikering_lights,PS,1279,1279
17_flikering_lights,PS,1300,1307
17_flikering_lights,PS,1331,1331
17_flikering_lights,PS,1339,134
17_flikering_lights,PS,1341,1341
17_flikering_lights,PS,1368,1372
17_flikering_lights,PS,1375,1380
17_flikering_lights,PS,1395,1395
17_flikering_lights,PS,1443,1448
17_flikering_lights,PS,172,179
17_flikering_lights,PS,189,189
17_flikering_lights,PS,193,217
17_flikering_lights,PS,22,22
17_flikering_lights,PS,235,235
17_flikering_lights,PS,239,263
17_flikering_lights,PS,270,287
17_flikering_lights,PS,30,30
17_flikering_lights,PS,304,308
17_flikering_lights,PS,312,312
17_flikering_lights,PS,34,346
17_flikering_lights,PS,353,370
17_flikering_lights,PS,379,38
17_flikering_lights,PS,39,395
17_flikering_lights,PS,421,421
17_flikering_lights,PS,427,427
17_flikering_lights,PS,444,444
17_flikering_lights,PS,448,449
17_flikering_lights,PS,488,495
17_flikering_lights,PS,502,511
17_flikering_lights,PS,520,522
17_flikering_lights,PS,527,527
17_flikering_lights,PS,532,532
17_flikering_lights,PS,547,551
17_flikering_lights,PS,559,559
17_flikering_lights,PS,565,575
17_flikering_lights,PS,580,580
17_flikering_lights,PS,594,614
17_flikering_lights,PS,629,629
17_flikering_lights,PS,635,644
17_flikering_lights,PS,649,650
17_flikering_lights,PS,659,660
17_flikering_lights,PS,673,673
17_flikering_lights,PS,675,675
17_flikering_lights,PS,69,698
17_flikering_lights,PS,71,71
17_flikering_lights,PS,729,729
17_flikering_lights,PS,744,749
17_flikering_lights,PS,750,750
17_flikering_lights,PS,757,767
17_flikering_lights,PS,787,792
17_flikering_lights,PS,795,80
17_flikering_lights,PS,803,804
17_flikering_lights,PS,820,827
17_flikering_lights,PS,853,859
17_flikering_lights,PS,866,866
17_flikering_lights,PS,891,894
17_flikering_lights,PS,923,923
17_flikering_lights,PS,929,93
17_flikering_lights,PS,937,939
17_flikering_lights,PS,989,989
17_flikering_lights,PS,998,998
17_flikering_lights,flash,1005,1005
17_flikering_lights,flash,1012,1012
17_flikering_lights,flash,1025,1025
17_flikering_lights,flash,106,106
17_flikering_lights,flash,1064,1064
17_flikering_lights,flash,1080,1080
17_flikering_lights,flash,1088,109
17_flikering_lights,flash,112,112
17_flikering_lights,flash,1140,1141
17_flikering_lights,flash,1148,1148
17_flikering_lights,flash,126,1268
17_flikering_lights,flash,129,129
17_flikering_lights,flash,130,130
17_flikering_lights,flash,1308,1308
17_flikering_lights,flash,1373,1373
17_flikering_lights,flash,1380,1384
17_flikering_lights,flash,1445,1448
17_flikering_lights,flash,177,177
17_flikering_lights,flash,186,189
17_flikering_lights,flash,235,239
17_flikering_lights,flash,300,303
17_flikering_lights,flash,418,422
17_flikering_lights,flash,532,532
17_flikering_lights,flash,549,549
17_flikering_lights,flash,604,608
17_flikering_lights,flash,644,644
17_flikering_lights,flash,650,658
17_flikering_lights,flash,669,669
17_flikering_lights,flash,69,69
17_flikering_lights,flash,707,707
17_flikering_lights,flash,711,716
17_flikering_lights,flash,897,897
17_flikering_lights,flash,944,944
18_fast_moving_people,PHF,21,21
18_fast_moving_people,PHR,109,138
18_fast_moving_people,PHR,142,142
18_fast_moving_people,PHR,91,92
18_fast_moving_people,PS,109,138
18_fast_moving_people,PS,142,21
18_fast_moving_people,PS,58,72
18_fast_moving_people,PS,91,92
18_fast_moving_people,pattern,110,142
18_fast_moving_people,pattern,31,92
1_subway,PHF,100,108
1_subway,PHF,128,128
1_subway,PHF,133,133
1_subway,PHF,144,144
1_subway,PHF,153,158
1_subway,PHF,163,188
1_subway,PHF,194,200
1_subway,PHF,207,210
1_subway,PHF,325,345
1_subway,PHF,35,350
1_subway,PHF,357,357
1_subway,PHF,364,409
1_subway,PHF,414,439
1_subway,PHF,446,459
1_subway,PHF,467,470
1_subway,PHF,52,91
1_subway,PFS,161,163
1_subway,PFS,176,179
1_subway,PFS,191,207
1_subway,PFS,209,209
1_subway,PFS,325,338
1_subway,PFS,343,347
1_subway,PFS,350,357
1_subway,PFS,370,375
1_subway,PFS,381,381
1_subway,PFS,387,414
1_subway,PFS,430,459
1_subway,PFS,74,91
1_subway,PS,100,108
1_subway,PS,133,133
1_subway,PS,144,144
1_subway,PS,153,158
1_subway,PS,163,209
1_subway,PS,325,344
1_subway,PS,350,370
1_subway,PS,38,409
1_subway,PS,414,431
1_subway,PS,446,465
1_subway,PS,467,470
1_subway,PS,61,91
1_subway,PSP,100,100
1_subway,PSP,341,341
1_subway,PSP,91,91
1_subway,PHP,100,100
1_subway,flash,100,108
1_subway,flash,121,223
1_subway,flash,238,24
1_subway,flash,305,493
1_subway,flash,52,92
1_subway,pattern,100,108
1_subway,pattern,121,144
1_subway,pattern,153,238
1_subway,pattern,325,347
1_subway,pattern,350,357
1_subway,pattern,364,375
1_subway,pattern,381,465
1_subway,pattern,467,478
1_subway,pattern,74,92
23_flickering_light,PHF,104,104
23_flickering_light,PHF,114,12
23_flickering_light,PHF,141,141
23_flickering_light,PHF,165,165
23_flickering_light,PHF,19,19
23_flickering_light,PHF,219,219
23_flickering_light,PHF,230,230
23_flickering_light,PHF,235,235
23_flickering_light,PHF,274,274
23_flickering_light,PHF,298,298
23_flickering_light,PHF,34,34
23_flickering_light,PHF,35,35
23_flickering_light,PHF,424,424
23_flickering_light,PHF,57,57
23_flickering_light,PHF,97,97
23_flickering_light,PFS,235,235
23_flickering_light,PS,104,104
23_flickering_light,PS,114,12
23_flickering_light,PS,141,141
23_flickering_light,PS,165,165
23_flickering_light,PS,219,219
23_flickering_light,PS,230,230
23_flickering_light,PS,235,235
23_flickering_light,PS,274,274
23_flickering_light,PS,298,298
23_flickering_light,PS,34,34
23_flickering_light,PS,35,35
23_flickering_light,PS,424,424
23_flickering_light,PS,57,57
23_flickering_light,PS,97,97
23_flickering_light,flash,104,12
23_flickering_light,flash,141,141
23_flickering_light,flash,165,165
23_flickering_light,flash,219,219
23_flickering_light,flash,230,230
23_flickering_light,flash,235,235
23_flickering_light,flash,274,274
23_flickering_light,flash,298,298
23_flickering_light,flash,34,34
23_flickering_light,flash,35,35
23_flickering_light,flash,424,424
23_flickering_light,flash,57,57
23_flickering_light,flash,97,97
24_flickiering_light,PSP,105,111
24_flickiering_light,PSP,119,119
24_flickiering_light,PSP,122,122
24_flickiering_light,PSP,128,128
24_flickiering_light,PSP,15,15
24_flickiering_light,PSP,158,158
24_flickiering_light,PSP,167,167
24_flickiering_light,PSP,173,173
24_flickiering_light,PSP,281,281
24_flickiering_light,PSP,294,308
24_flickiering_light,PSP,314,315
24_flickiering_light,PSP,320,321
24_flickiering_light,PSP,335,335
24_flickiering_light,PSP,353,353
24_flickiering_light,PSP,360,365
24_flickiering_light,PSP,371,377
24_flickiering_light,PSP,379,379
24_flickiering_light,PSP,390,390
24_flickiering_light,PSP,395,416
24_flickiering_light,PSP,422,477
24_flickiering_light,PSP,480,480
24_flickiering_light,PSP,68,68
24_flickiering_light,PSP,75,75
24_flickiering_light,PSP,89,89
24_flickiering_light,PHP,105,111
24_flickiering_light,PHP,119,119
24_flickiering_light,PHP,122,122
24_flickiering_light,PHP,126,128
24_flickiering_light,PHP,158,158
24_flickiering_light,PHP,167,167
24_flickiering_light,PHP,173,173
24_flickiering_light,PHP,281,281
24_flickiering_light,PHP,296,308
24_flickiering_light,PHP,314,315
24_flickiering_light,PHP,320,321
24_flickiering_light,PHP,335,335
24_flickiering_light,PHP,349,349
24_flickiering_light,PHP,350,353
24_flickiering_light,PHP,360,365
24_flickiering_light,PHP,369,377
24_flickiering_light,PHP,381,381
24_flickiering_light,PHP,390,390
24_flickiering_light,PHP,395,416
24_flickiering_light,PHP,422,477
24_flickiering_light,PHP,480,480
24_flickiering_light,PHP,66,68
24_flickiering_light,PHP,75,75
24_flickiering_light,PHP,89,89
24_flickiering_light,flash,102,52
24_flickiering_light,flash,60,68
24_flickiering_light,flash,73,93
25_lightning,flash,109,121
25_lightning,flash,13,136
25_lightning,flash,147,156
25_lightning,flash,18,216
25_lightning,flash,252,294
25_lightning,flash,30,5
25_lightning,flash,73,95
26_lightning,flash,120,125
26_lightning,flash,145,199
26_lightning,flash,21,258
26_lightning,flash,35,51
26_lightning,flash,74,92
27_lightning,PHF,121,121
27_lightning,PHF,233,233
27_lightning,PHF,332,332
27_lightning,PS,121,121
27_lightning,PS,233,233
27_lightning,flash,117,134
27_lightning,flash,176,176
27_lightning,flash,230,245
27_lightning,flash,287,290
27_lightning,flash,328,346
27_lightning,flash,379,380
27_lightning,flash,69,69
28_explosion,PHF,16,16
28_explosion,PHF,20,30
28_explosion,PS,16,16
28_explosion,PS,20,30
28_explosion,PSP,16,16
28_explosion,PSP,20,32
28_explosion,flash,16,16
28_explosion,flash,20,44
28_explosion,flash,8,8
29_pattern,PSP,0,204
29_pattern,PSP,30,99
29_pattern,PHP,110,12
29_pattern,PHP,181,181
29_pattern,PHP,197,197
29_pattern,PHP,30,31
29_pattern,PHP,9,9
29_pattern,pattern,0,225
29_pattern,pattern,30,99
30_flash,PSP,106,111
30_flash,PSP,128,134
30_flash,PSP,144,144
30_flash,PSP,150,151
30_flash,PSP,170,170
30_flash,PSP,176,225
30_flash,PSP,237,245
30_flash,PSP,254,254
30_flash,PSP,267,335
30_flash,PSP,37,37
30_flash,PSP,40,40
30_flash,PSP,41,41
30_flash,PSP,46,54
30_flash,PSP,57,57
30_flash,PSP,68,75
30_flash,PHP,22,22
30_flash,PHP,280,291
30_flash,PHP,312,321
30_flash,PHP,37,37
30_flash,PHP,40,40
30_flash,PHP,41,41
30_flash,flash,30,30
30_flash,pattern,253,253
30_flash,pattern,258,297
30_flash,pattern,300,339
33_flash_burst,PSP,101,149
33_flash_burst,PSP,157,178
33_flash_burst,PSP,180,181
33_flash_burst,PSP,338,340
33_flash_burst,PSP,365,365
33_flash_burst,PSP,378,382
33_flash_burst,PSP,407,410
33_flash_burst,PSP,477,479
33_flash_burst,PHP,338,338
33_flash_burst,PHP,477,479
33_flash_burst,flash,101,199
33_flash_burst,flash,35,35
33_flash_burst,flash,91,98
33_flash_burst,pattern,101,149
33_flash_burst,pattern,157,178
33_flash_burst,pattern,35,35
33_flash_burst,pattern,44,44
33_flash_burst,pattern,96,98
34_patrol_lights,PSP,104,97
34_patrol_lights,PHP,145,148
34_patrol_lights,PHP,164,173
34_patrol_lights,PHP,180,180
34_patrol_lights,PHP,187,188
34_patrol_lights,PHP,238,238
34_patrol_lights,PHP,241,241
34_patrol_lights,PHP,254,254
34_patrol_lights,PHP,261,261
34_patrol_lights,PHP,82,89
34_patrol_lights,flash,129,137
34_patrol_lights,flash,145,164
34_patrol_lights,flash,170,173
34_patrol_lights,flash,180,191
34_patrol_lights,flash,204,46
34_patrol_lights,flash,59,59
34_patrol_lights,flash,62,92
35_flare_wave,flash,143,161
35_flare_wave,flash,172,175
35_flare_wave,flash,180,205
35_flare_wave,flash,210,219
35_flare_wave,flash,221,239
35_flare_wave,flash,241,249
35_flare_wave,flash,253,318
35_flare_wave,flash,321,359
35_flare_wave,flash,361,446
35_flare_wave,pattern,161,161
35_flare_wave,pattern,172,175
35_flare_wave,pattern,180,205
35_flare_wave,pattern,210,219
35_flare_wave,pattern,221,239
35_flare_wave,pattern,241,249
35_flare_wave,pattern,253,318
35_flare_wave,pattern,321,359
35_flare_wave,pattern,361,429
36_bomb_01,flash,108,158
36_bomb_01,flash,161,257
36_bomb_01,flash,33,33
36_bomb_01,flash,43,43
36_bomb_01,flash,45,45
36_bomb_01,flash,51,51
36_bomb_01,flash,56,56
36_bomb_01,flash,57,57
36_bomb_01,flash,60,60
36_bomb_01,flash,65,65
36_bomb_01,flash,68,77
36_bomb_01,flash,80,94
37_bomb_02,flash,19,19
37_bomb_02,flash,29,29
37_bomb_02,flash,31,31
38_riot_fire,PHF,153,153
38_riot_fire,PHF,250,250
38_riot_fire,PHF,274,274
38_riot_fire,PHF,292,292
38_riot_fire,PHF,35,35
38_riot_fire,PHF,49,49
38_riot_fire,PHR,226,343
38_riot_fire,PHR,354,405
38_riot_fire,PHR,419,447
38_riot_fire,PFS,153,153
38_riot_fire,PFS,292,294
38_riot_fire,PFS,304,304
38_riot_fire,PS,153,153
38_riot_fire,PS,226,405
38_riot_fire,PS,419,49
38_riot_fire,flash,149,200
38_riot_fire,flash,238,251
38_riot_fire,flash,35,35
38_riot_fire,flash,41,41
38_riot_fire,flash,49,66
39_glitch_motion_01,PHF,100,100
39_glitch_motion_01,PHF,1010,1013
39_glitch_motion_01,PHF,1020,1054
39_glitch_motion_01,PHF,106,1093
39_glitch_motion_01,PHF,1101,1101
39_glitch_motion_01,PHF,1108,1120
39_glitch_motion_01,PHF,1123,1149
39_glitch_motion_01,PHF,1156,1167
39_glitch_motion_01,PHF,1174,1188
39_glitch_motion_01,PHF,1199,1206
39_glitch_motion_01,PHF,1213,1213
39_glitch_motion_01,PHF,1220,1221
39_glitch_motion_01,PHF,1226,1262
39_glitch_motion_01,PHF,1276,1292
39_glitch_motion_01,PHF,1324,1334
39_glitch_motion_01,PHF,1338,136
39_glitch_motion_01,PHF,1364,1380
39_glitch_motion_01,PHF,1393,1415
39_glitch_motion_01,PHF,1420,1422
39_glitch_motion_01,PHF,1424,1424
39_glitch_motion_01,PHF,1443,148
39_glitch_motion_01,PHF,1509,1533
39_glitch_motion_01,PHF,1545,1545
39_glitch_motion_01,PHF,1572,1572
39_glitch_motion_01,PHF,1587,1587
39_glitch_motion_01,PHF,1606,1618
39_glitch_motion_01,PHF,1627,163
39_glitch_motion_01,PHF,1649,1651
39_glitch_motion_01,PHF,166,1674
39_glitch_motion_01,PHF,1680,1687
39_glitch_motion_01,PHF,1697,1741
39_glitch_motion_01,PHF,1756,1760
39_glitch_motion_01,PHF,1782,1784
39_glitch_motion_01,PHF,18,18
39_glitch_motion_01,PHF,1805,1805
39_glitch_motion_01,PHF,1811,1811
39_glitch_motion_01,PHF,19,191
39_glitch_motion_01,PHF,195,195
39_glitch_motion_01,PHF,20,210
39_glitch_motion_01,PHF,219,219
39_glitch_motion_01,PHF,227,227
39_glitch_motion_01,PHF,234,26
39_glitch_motion_01,PHF,269,269
39_glitch_motion_01,PHF,273,273
39_glitch_motion_01,PHF,291,296
39_glitch_motion_01,PHF,305,305
39_glitch_motion_01,PHF,321,321
39_glitch_motion_01,PHF,339,339
39_glitch_motion_01,PHF,373,38
39_glitch_motion_01,PHF,391,393
39_glitch_motion_01,PHF,397,397
39_glitch_motion_01,PHF,437,437
39_glitch_motion_01,PHF,449,478
39_glitch_motion_01,PHF,480,488
39_glitch_motion_01,PHF,49,490
39_glitch_motion_01,PHF,500,53
39_glitch_motion_01,PHF,534,550
39_glitch_motion_01,PHF,56,571
39_glitch_motion_01,PHF,583,585
39_glitch_motion_01,PHF,597,619
39_glitch_motion_01,PHF,624,65
39_glitch_motion_01,PHF,665,680
39_glitch_motion_01,PHF,684,684
39_glitch_motion_01,PHF,696,731
39_glitch_motion_01,PHF,739,739
39_glitch_motion_01,PHF,757,788
39_glitch_motion_01,PHF,805,805
39_glitch_motion_01,PHF,816,816
39_glitch_motion_01,PHF,828,839
39_glitch_motion_01,PHF,847,85
39_glitch_motion_01,PHF,866,882
39_glitch_motion_01,PHF,885,902
39_glitch_motion_01,PHF,924,925
39_glitch_motion_01,PHF,933,933
39_glitch_motion_01,PHF,949,949
39_glitch_motion_01,PHF,96,976
39_glitch_motion_01,PHF,994,996
39_glitch_motion_01,PFS,100,1020
39_glitch_motion_01,PFS,1033,1060
39_glitch_motion_01,PFS,1062,1251
39_glitch_motion_01,PFS,1262,1262
39_glitch_motion_01,PFS,1276,1292
39_glitch_motion_01,PFS,13,13
39_glitch_motion_01,PFS,1324,1360
39_glitch_motion_01,PFS,1368,1376
39_glitch_motion_01,PFS,1380,1386
39_glitch_motion_01,PFS,1393,1393
39_glitch_motion_01,PFS,14,14
39_glitch_motion_01,PFS,1415,1420
39_glitch_motion_01,PFS,1423,1424
39_glitch_motion_01,PFS,1440,1443
39_glitch_motion_01,PFS,1459,1472
39_glitch_motion_01,PFS,1485,1523
39_glitch_motion_01,PFS,1528,16
39_glitch_motion_01,PFS,1606,1606
39_glitch_motion_01,PFS,1612,1622
39_glitch_motion_01,PFS,1634,1651
39_glitch_motion_01,PFS,166,1680
39_glitch_motion_01,PFS,1688,1703
39_glitch_motion_01,PFS,1711,1716
39_glitch_motion_01,PFS,1731,1741
39_glitch_motion_01,PFS,1755,1771
39_glitch_motion_01,PFS,18,18
39_glitch_motion_01,PFS,1805,1805
39_glitch_motion_01,PFS,1810,19
39_glitch_motion_01,PFS,194,227
39_glitch_motion_01,PFS,234,234
39_glitch_motion_01,PFS,252,273
39_glitch_motion_01,PFS,291,300
39_glitch_motion_01,PFS,305,362
39_glitch_motion_01,PFS,373,391
39_glitch_motion_01,PFS,394,394
39_glitch_motion_01,PFS,437,478
39_glitch_motion_01,PFS,480,489
39_glitch_motion_01,PFS,490,501
39_glitch_motion_01,PFS,520,583
39_glitch_motion_01,PFS,588,638
39_glitch_motion_01,PFS,65,65
39_glitch_motion_01,PFS,673,684
39_glitch_motion_01,PFS,696,73
39_glitch_motion_01,PFS,763,816
39_glitch_motion_01,PFS,828,86
39_glitch_motion_01,PFS,866,90
39_glitch_motion_01,PFS,920,924
39_glitch_motion_01,PFS,946,996
39_glitch_motion_01,PS,1010,1011
39_glitch_motion_01,PS,102,1040
39_glitch_motion_01,PS,1049,1054
39_glitch_motion_01,PS,106,1093
39_glitch_motion_01,PS,1101,1101
39_glitch_motion_01,PS,1108,1149
39_glitch_motion_01,PS,1156,1158
39_glitch_motion_01,PS,1167,1167
39_glitch_motion_01,PS,1174,1188
39_glitch_motion_01,PS,1199,1206
39_glitch_motion_01,PS,1213,1213
39_glitch_motion_01,PS,1220,1220
39_glitch_motion_01,PS,1226,1226
39_glitch_motion_01,PS,1240,1262
39_glitch_motion_01,PS,1276,1292
39_glitch_motion_01,PS,13,13
39_glitch_motion_01,PS,1324,1334
39_glitch_motion_01,PS,1338,135
39_glitch_motion_01,PS,1354,136
39_glitch_motion_01,PS,1364,1364
39_glitch_motion_01,PS,1368,1380
39_glitch_motion_01,PS,1393,1415
39_glitch_motion_01,PS,1422,1422
39_glitch_motion_01,PS,1424,1424
39_glitch_motion_01,PS,1443,1459
39_glitch_motion_01,PS,148,148
39_glitch_motion_01,PS,1485,1485
39_glitch_motion_01,PS,1516,1533
39_glitch_motion_01,PS,1545,1545
39_glitch_motion_01,PS,1572,1572
39_glitch_motion_01,PS,1578,1578
39_glitch_motion_01,PS,1587,163
39_glitch_motion_01,PS,1649,1651
39_glitch_motion_01,PS,166,1686
39_glitch_motion_01,PS,1688,1750
39_glitch_motion_01,PS,1756,1760
39_glitch_motion_01,PS,1782,1784
39_glitch_motion_01,PS,18,18
39_glitch_motion_01,PS,1811,182
39_glitch_motion_01,PS,191,191
39_glitch_motion_01,PS,195,195
39_glitch_motion_01,PS,20,210
39_glitch_motion_01,PS,22,227
39_glitch_motion_01,PS,243,243
39_glitch_motion_01,PS,252,26
39_glitch_motion_01,PS,269,273
39_glitch_motion_01,PS,291,296
39_glitch_motion_01,PS,305,305
39_glitch_motion_01,PS,321,321
39_glitch_motion_01,PS,339,339
39_glitch_motion_01,PS,373,382
39_glitch_motion_01,PS,391,397
39_glitch_motion_01,PS,456,478
39_glitch_motion_01,PS,480,488
39_glitch_motion_01,PS,490,498
39_glitch_motion_01,PS,500,56
39_glitch_motion_01,PS,571,571
39_glitch_motion_01,PS,583,585
39_glitch_motion_01,PS,590,590
39_glitch_motion_01,PS,599,619
39_glitch_motion_01,PS,624,624
39_glitch_motion_01,PS,638,638
39_glitch_motion_01,PS,644,65
39_glitch_motion_01,PS,665,680
39_glitch_motion_01,PS,684,684
39_glitch_motion_01,PS,696,731
39_glitch_motion_01,PS,739,739
39_glitch_motion_01,PS,757,788
39_glitch_motion_01,PS,805,805
39_glitch_motion_01,PS,828,839
39_glitch_motion_01,PS,847,86
39_glitch_motion_01,PS,866,924
39_glitch_motion_01,PS,933,933
39_glitch_motion_01,PS,949,949
39_glitch_motion_01,PS,96,976
39_glitch_motion_01,PS,994,996
39_glitch_motion_01,PSP,100,100
39_glitch_motion_01,PSP,102,1049
39_glitch_motion_01,PSP,106,106
39_glitch_motion_01,PSP,1061,108
39_glitch_motion_01,PSP,1108,1108
39_glitch_motion_01,PSP,1120,1159
39_glitch_motion_01,PSP,1206,1226
39_glitch_motion_01,PSP,1230,1258
39_glitch_motion_01,PSP,13,13
39_glitch_motion_01,PSP,1324,1348
39_glitch_motion_01,PSP,1353,1354
39_glitch_motion_01,PSP,1364,1368
39_glitch_motion_01,PSP,1371,1376
39_glitch_motion_01,PSP,1418,1440
39_glitch_motion_01,PSP,1459,1459
39_glitch_motion_01,PSP,1485,1485
39_glitch_motion_01,PSP,1509,1509
39_glitch_motion_01,PSP,1569,1587
39_glitch_motion_01,PSP,160,160
39_glitch_motion_01,PSP,161,161
39_glitch_motion_01,PSP,163,166
39_glitch_motion_01,PSP,1674,1677
39_glitch_motion_01,PSP,1705,1705
39_glitch_motion_01,PSP,1731,1732
39_glitch_motion_01,PSP,1755,1795
39_glitch_motion_01,PSP,1800,182
39_glitch_motion_01,PSP,194,2
39_glitch_motion_01,PSP,234,249
39_glitch_motion_01,PSP,26,271
39_glitch_motion_01,PSP,321,339
39_glitch_motion_01,PSP,368,386
39_glitch_motion_01,PSP,393,393
39_glitch_motion_01,PSP,437,444
39_glitch_motion_01,PSP,456,476
39_glitch_motion_01,PSP,5,5
39_glitch_motion_01,PSP,533,553
39_glitch_motion_01,PSP,560,582
39_glitch_motion_01,PSP,605,61
39_glitch_motion_01,PSP,619,643
39_glitch_motion_01,PSP,649,682
39_glitch_motion_01,PSP,693,693
39_glitch_motion_01,PSP,71,71
39_glitch_motion_01,PSP,73,73
39_glitch_motion_01,PSP,756,8
39_glitch_motion_01,PSP,828,87
39_glitch_motion_01,PSP,896,90
39_glitch_motion_01,PSP,91,91
39_glitch_motion_01,PSP,925,925
39_glitch_motion_01,PSP,933,972
39_glitch_motion_01,PSP,989,996
39_glitch_motion_01,PHP,102,1049
39_glitch_motion_01,PHP,106,106
39_glitch_motion_01,PHP,1061,108
39_glitch_motion_01,PHP,1108,1108
39_glitch_motion_01,PHP,1120,1159
39_glitch_motion_01,PHP,1206,1226
39_glitch_motion_01,PHP,1230,1258
39_glitch_motion_01,PHP,13,13
39_glitch_motion_01,PHP,1314,1348
39_glitch_motion_01,PHP,1353,1354
39_glitch_motion_01,PHP,1364,1368
39_glitch_motion_01,PHP,1371,1376
39_glitch_motion_01,PHP,1418,1440
39_glitch_motion_01,PHP,1490,1516
39_glitch_motion_01,PHP,1545,1587
39_glitch_motion_01,PHP,160,160
39_glitch_motion_01,PHP,1649,1651
39_glitch_motion_01,PHP,166,166
39_glitch_motion_01,PHP,1674,1677
39_glitch_motion_01,PHP,1705,1705
39_glitch_motion_01,PHP,1731,1795
39_glitch_motion_01,PHP,1800,182
39_glitch_motion_01,PHP,194,2
39_glitch_motion_01,PHP,210,210
39_glitch_motion_01,PHP,231,249
39_glitch_motion_01,PHP,261,273
39_glitch_motion_01,PHP,321,339
39_glitch_motion_01,PHP,368,378
39_glitch_motion_01,PHP,381,386
39_glitch_motion_01,PHP,437,444
39_glitch_motion_01,PHP,456,476
39_glitch_motion_01,PHP,5,5
39_glitch_motion_01,PHP,533,553
39_glitch_motion_01,PHP,560,582
39_glitch_motion_01,PHP,61,61
39_glitch_motion_01,PHP,619,619
39_glitch_motion_01,PHP,624,638
39_glitch_motion_01,PHP,65,693
39_glitch_motion_01,PHP,71,71
39_glitch_motion_01,PHP,73,73
39_glitch_motion_01,PHP,757,8
39_glitch_motion_01,PHP,831,87
39_glitch_motion_01,PHP,91,91
39_glitch_motion_01,PHP,933,996
39_glitch_motion_01,flash,100,300
39_glitch_motion_01,flash,305,996
39_glitch_motion_01,pattern,100,996
40_glitch_motion_02,PHF,442,442
40_glitch_motion_02,PHF,446,446
40_glitch_motion_02,PHF,95,95
40_glitch_motion_02,PHR,69,79
40_glitch_motion_02,PHR,80,95
40_glitch_motion_02,PFS,445,445
40_glitch_motion_02,PS,103,103
40_glitch_motion_02,PS,437,437
40_glitch_motion_02,PS,445,446
40_glitch_motion_02,PS,55,55
40_glitch_motion_02,PS,69,79
40_glitch_motion_02,PS,82,95
40_glitch_motion_02,PSP,14,14
40_glitch_motion_02,PSP,18,18
40_glitch_motion_02,PSP,20,20
40_glitch_motion_02,PSP,22,22
40_glitch_motion_02,PSP,29,29
40_glitch_motion_02,PSP,314,339
40_glitch_motion_02,PSP,389,400
40_glitch_motion_02,PSP,42,42
40_glitch_motion_02,PSP,44,44
40_glitch_motion_02,PSP,457,46
40_glitch_motion_02,PSP,47,47
40_glitch_motion_02,PSP,504,527
40_glitch_motion_02,PSP,535,535
40_glitch_motion_02,PSP,541,547
40_glitch_motion_02,PSP,552,59
40_glitch_motion_02,PSP,66,79
40_glitch_motion_02,PHP,321,321
40_glitch_motion_02,PHP,457,457
40_glitch_motion_02,PHP,512,512
40_glitch_motion_02,PHP,59,59
40_glitch_motion_02,PHP,69,79
40_glitch_motion_02,pattern,103,103
40_glitch_motion_02,pattern,145,169
40_glitch_motion_02,pattern,184,198
40_glitch_motion_02,pattern,200,214
40_glitch_motion_02,pattern,221,288
40_glitch_motion_02,pattern,297,297
40_glitch_motion_02,pattern,310,314
40_glitch_motion_02,pattern,321,418
40_glitch_motion_02,pattern,430,438
40_glitch_motion_02,pattern,442,46
40_glitch_motion_02,pattern,47,47
40_glitch_motion_02,pattern,488,527
40_glitch_motion_02,pattern,54,54
40_glitch_motion_02,pattern,55,55
40_glitch_motion_02,pattern,59,79
40_glitch_motion_02,pattern,80,95
41_light_tunnel_01,PSP,106,99
41_light_tunnel_01,PHP,120,125
41_light_tunnel_01,PHP,201,206
41_light_tunnel_01,PHP,239,239
41_light_tunnel_01,PHP,79,89
41_light_tunnel_01,pattern,106,99
43_light_tunnel_02,PHF,128,139
43_light_tunnel_02,PHF,146,147
43_light_tunnel_02,PHF,161,167
43_light_tunnel_02,PHF,175,175
43_light_tunnel_02,PHF,2,2
43_light_tunnel_02,PHF,204,211
43_light_tunnel_02,PHF,214,218
43_light_tunnel_02,PHF,231,231
43_light_tunnel_02,PHF,270,270
43_light_tunnel_02,PHF,281,281
43_light_tunnel_02,PHF,34,35
43_light_tunnel_02,PHF,63,63
43_light_tunnel_02,PHF,73,73
43_light_tunnel_02,PFS,132,132
43_light_tunnel_02,PFS,156,156
43_light_tunnel_02,PFS,180,181
43_light_tunnel_02,PFS,204,211
43_light_tunnel_02,PFS,214,214
43_light_tunnel_02,PFS,31,31
43_light_tunnel_02,PFS,38,38
43_light_tunnel_02,PS,0,0
43_light_tunnel_02,PS,128,132
43_light_tunnel_02,PS,156,161
43_light_tunnel_02,PS,181,2
43_light_tunnel_02,PS,204,211
43_light_tunnel_02,PS,214,218
43_light_tunnel_02,PS,237,237
43_light_tunnel_02,PS,256,256
43_light_tunnel_02,PS,270,270
43_light_tunnel_02,PS,281,281
43_light_tunnel_02,PS,34,35
43_light_tunnel_02,PS,55,55
43_light_tunnel_02,PSP,0,97
43_light_tunnel_02,PHP,0,139
43_light_tunnel_02,PHP,146,156
43_light_tunnel_02,PHP,167,174
43_light_tunnel_02,PHP,178,31
43_light_tunnel_02,PHP,35,38
43_light_tunnel_02,PHP,44,81
43_light_tunnel_02,PHP,97,97
43_light_tunnel_02,flash,0,97
43_light_tunnel_02,pattern,0,97
44_light_tunnel_03,PHF,120,124
44_light_tunnel_03,PHF,148,148
44_light_tunnel_03,PHF,173,176
44_light_tunnel_03,PHF,214,217
44_light_tunnel_03,PHF,263,263
44_light_tunnel_03,PHF,285,285
44_light_tunnel_03,PHF,325,325
44_light_tunnel_03,PHF,333,333
44_light_tunnel_03,PHF,341,341
44_light_tunnel_03,PHF,372,372
44_light_tunnel_03,PHF,397,417
44_light_tunnel_03,PHF,477,486
44_light_tunnel_03,PHF,495,495
44_light_tunnel_03,PHF,502,502
44_light_tunnel_03,PHF,529,539
44_light_tunnel_03,PHF,549,553
44_light_tunnel_03,PHF,592,592
44_light_tunnel_03,PHF,605,610
44_light_tunnel_03,PHF,65,65
44_light_tunnel_03,PHF,660,660
44_light_tunnel_03,PHF,685,699
44_light_tunnel_03,PHF,718,718
44_light_tunnel_03,PHF,750,750
44_light_tunnel_03,PHF,773,773
44_light_tunnel_03,PHF,809,810
44_light_tunnel_03,PHF,87,87
44_light_tunnel_03,PHF,9,9
44_light_tunnel_03,PFS,285,285
44_light_tunnel_03,PFS,325,325
44_light_tunnel_03,PS,124,124
44_light_tunnel_03,PS,148,148
44_light_tunnel_03,PS,173,176
44_light_tunnel_03,PS,214,217
44_light_tunnel_03,PS,263,263
44_light_tunnel_03,PS,285,285
44_light_tunnel_03,PS,325,325
44_light_tunnel_03,PS,333,333
44_light_tunnel_03,PS,341,341
44_light_tunnel_03,PS,372,372
44_light_tunnel_03,PS,397,417
44_light_tunnel_03,PS,482,486
44_light_tunnel_03,PS,495,495
44_light_tunnel_03,PS,502,502
44_light_tunnel_03,PS,529,539
44_light_tunnel_03,PS,549,553
44_light_tunnel_03,PS,592,592
44_light_tunnel_03,PS,605,610
44_light_tunnel_03,PS,65,65
44_light_tunnel_03,PS,660,660
44_light_tunnel_03,PS,685,685
44_light_tunnel_03,PS,718,718
44_light_tunnel_03,PS,750,750
44_light_tunnel_03,PS,772,773
44_light_tunnel_03,PS,809,810
44_light_tunnel_03,PS,87,87
44_light_tunnel_03,PSP,111,19
44_light_tunnel_03,PSP,205,285
44_light_tunnel_03,PSP,30,307
44_light_tunnel_03,PSP,316,353
44_light_tunnel_03,PSP,372,464
44_light_tunnel_03,PSP,477,502
44_light_tunnel_03,PSP,520,91
44_light_tunnel_03,PHP,148,164
44_light_tunnel_03,PHP,183,183
44_light_tunnel_03,PHP,214,214
44_light_tunnel_03,PHP,230,230
44_light_tunnel_03,PHP,30,307
44_light_tunnel_03,PHP,316,316
44_light_tunnel_03,PHP,325,325
44_light_tunnel_03,PHP,353,353
44_light_tunnel_03,PHP,417,429
44_light_tunnel_03,PHP,454,455
44_light_tunnel_03,PHP,464,464
44_light_tunnel_03,PHP,477,477
44_light_tunnel_03,PHP,485,486
44_light_tunnel_03,PHP,495,497
44_light_tunnel_03,PHP,520,531
44_light_tunnel_03,PHP,542,542
44_light_tunnel_03,PHP,550,550
44_light_tunnel_03,PHP,594,594
44_light_tunnel_03,PHP,616,616
44_light_tunnel_03,PHP,686,686
44_light_tunnel_03,PHP,763,763
44_light_tunnel_03,PHP,785,785
44_light_tunnel_03,PHP,809,810
44_light_tunnel_03,flash,111,91
44_light_tunnel_03,pattern,111,91
45_stage_lights_02,PHF,103,103
45_stage_lights_02,PHF,110,130
45_stage_lights_02,PHF,139,139
45_stage_lights_02,PHF,198,198
45_stage_lights_02,PHF,261,262
45_stage_lights_02,PHF,268,268
45_stage_lights_02,PHF,272,286
45_stage_lights_02,PHF,305,305
45_stage_lights_02,PHF,400,400
45_stage_lights_02,PHF,410,410
45_stage_lights_02,PHF,419,421
45_stage_lights_02,PHF,425,428
45_stage_lights_02,PHF,57,57
45_stage_lights_02,PHF,59,59
45_stage_lights_02,PHF,79,79
45_stage_lights_02,PHF,87,87
45_stage_lights_02,PHF,90,90
45_stage_lights_02,PHR,110,110
45_stage_lights_02,PHR,134,163
45_stage_lights_02,PHR,419,419
45_stage_lights_02,PFS,107,110
45_stage_lights_02,PFS,262,262
45_stage_lights_02,PFS,282,282
45_stage_lights_02,PFS,400,400
45_stage_lights_02,PFS,419,421
45_stage_lights_02,PFS,423,423
45_stage_lights_02,PFS,435,435
45_stage_lights_02,PS,103,134
45_stage_lights_02,PS,139,163
45_stage_lights_02,PS,177,177
45_stage_lights_02,PS,198,198
45_stage_lights_02,PS,258,258
45_stage_lights_02,PS,262,262
45_stage_lights_02,PS,268,268
45_stage_lights_02,PS,282,286
45_stage_lights_02,PS,305,305
45_stage_lights_02,PS,335,342
45_stage_lights_02,PS,363,373
45_stage_lights_02,PS,400,410
45_stage_lights_02,PS,419,421
45_stage_lights_02,PS,423,428
45_stage_lights_02,PS,57,57
45_stage_lights_02,PS,59,59
45_stage_lights_02,PS,79,79
45_stage_lights_02,PS,87,87
45_stage_lights_02,PSP,146,165
45_stage_lights_02,PSP,215,215
45_stage_lights_02,PSP,219,219
45_stage_lights_02,PHP,158,163
45_stage_lights_02,flash,110,139
45_stage_lights_02,flash,198,198
45_stage_lights_02,flash,207,207
45_stage_lights_02,flash,248,258
45_stage_lights_02,flash,262,262
45_stage_lights_02,flash,272,310
45_stage_lights_02,flash,330,331
45_stage_lights_02,flash,341,356
45_stage_lights_02,flash,363,379
45_stage_lights_02,flash,400,400
45_stage_lights_02,flash,410,423
45_stage_lights_02,flash,428,428
45_stage_lights_02,flash,443,490
45_stage_lights_02,flash,500,523
45_stage_lights_02,flash,57,57
45_stage_lights_02,flash,59,59
45_stage_lights_02,flash,61,61
45_stage_lights_02,flash,62,62
45_stage_lights_02,flash,79,90
46_stage_lights_03,PHF,100,100
46_stage_lights_03,PHF,107,107
46_stage_lights_03,PHF,1096,1101
46_stage_lights_03,PHF,1110,1117
46_stage_lights_03,PHF,1124,1124
46_stage_lights_03,PHF,1141,1141
46_stage_lights_03,PHF,1151,1153
46_stage_lights_03,PHF,1189,1189
46_stage_lights_03,PHF,1218,122
46_stage_lights_03,PHF,1270,1273
46_stage_lights_03,PHF,1292,1292
46_stage_lights_03,PHF,132,132
46_stage_lights_03,PHF,252,252
46_stage_lights_03,PHF,261,269
46_stage_lights_03,PHF,275,279
46_stage_lights_03,PHF,289,299
46_stage_lights_03,PHF,309,310
46_stage_lights_03,PHF,317,381
46_stage_lights_03,PHF,403,403
46_stage_lights_03,PHF,543,545
46_stage_lights_03,PHF,569,585
46_stage_lights_03,PHF,615,623
46_stage_lights_03,PHF,667,669
46_stage_lights_03,PHF,721,738
46_stage_lights_03,PHF,747,747
46_stage_lights_03,PHF,770,770
46_stage_lights_03,PHF,802,802
46_stage_lights_03,PFS,1096,1105
46_stage_lights_03,PFS,1117,1117
46_stage_lights_03,PFS,1124,1124
46_stage_lights_03,PFS,1141,1141
46_stage_lights_03,PFS,1151,1153
46_stage_lights_03,PFS,251,252
46_stage_lights_03,PFS,261,269
46_stage_lights_03,PFS,270,270
46_stage_lights_03,PFS,279,289
46_stage_lights_03,PFS,310,310
46_stage_lights_03,PFS,358,358
46_stage_lights_03,PFS,545,545
46_stage_lights_03,PFS,569,585
46_stage_lights_03,PFS,767,770
46_stage_lights_03,PS,100,100
46_stage_lights_03,PS,107,107
46_stage_lights_03,PS,1096,1101
46_stage_lights_03,PS,1110,1110
46_stage_lights_03,PS,1124,1124
46_stage_lights_03,PS,1141,1141
46_stage_lights_03,PS,1151,1153
46_stage_lights_03,PS,1189,1189
46_stage_lights_03,PS,1218,1218
46_stage_lights_03,PS,1272,1273
46_stage_lights_03,PS,1292,1292
46_stage_lights_03,PS,132,132
46_stage_lights_03,PS,252,252
46_stage_lights_03,PS,261,269
46_stage_lights_03,PS,270,299
46_stage_lights_03,PS,309,310
46_stage_lights_03,PS,317,381
46_stage_lights_03,PS,403,403
46_stage_lights_03,PS,543,545
46_stage_lights_03,PS,569,585
46_stage_lights_03,PS,615,623
46_stage_lights_03,PS,667,679
46_stage_lights_03,PS,707,707
46_stage_lights_03,PS,721,738
46_stage_lights_03,PS,747,747
46_stage_lights_03,PS,770,770
46_stage_lights_03,PS,802,802
46_stage_lights_03,PSP,1000,1017
46_stage_lights_03,PSP,1036,1061
46_stage_lights_03,PSP,1081,1081
46_stage_lights_03,PSP,1096,1096
46_stage_lights_03,PSP,1105,1117
46_stage_lights_03,PSP,1137,1137
46_stage_lights_03,PSP,1288,1288
46_stage_lights_03,PSP,1296,1296
46_stage_lights_03,PSP,1390,1400
46_stage_lights_03,PSP,20,20
46_stage_lights_03,PSP,30,30
46_stage_lights_03,PSP,42,42
46_stage_lights_03,PSP,631,631
46_stage_lights_03,PSP,645,645
46_stage_lights_03,PSP,69,69
46_stage_lights_03,PSP,747,770
46_stage_lights_03,PSP,787,794
46_stage_lights_03,PSP,817,90
46_stage_lights_03,PSP,92,92
46_stage_lights_03,PSP,988,988
46_stage_lights_03,PHP,1096,1096
46_stage_lights_03,PHP,1105,1105
46_stage_lights_03,PHP,1117,1117
46_stage_lights_03,PHP,1124,1124
46_stage_lights_03,PHP,1236,1236
46_stage_lights_03,PHP,645,645
46_stage_lights_03,PHP,747,766
46_stage_lights_03,PHP,770,770
46_stage_lights_03,PHP,820,825
46_stage_lights_03,PHP,832,851
46_stage_lights_03,PHP,988,988
46_stage_lights_03,flash,100,100
46_stage_lights_03,flash,1042,1042
46_stage_lights_03,flash,105,105
46_stage_lights_03,flash,107,107
46_stage_lights_03,flash,109,1101
46_stage_lights_03,flash,1110,112
46_stage_lights_03,flash,114,1141
46_stage_lights_03,flash,1151,1165
46_stage_lights_03,flash,1189,1189
46_stage_lights_03,flash,1218,1220
46_stage_lights_03,flash,124,124
46_stage_lights_03,flash,126,126
46_stage_lights_03,flash,1270,1273
46_stage_lights_03,flash,131,132
46_stage_lights_03,flash,145,145
46_stage_lights_03,flash,219,236
46_stage_lights_03,flash,269,269
46_stage_lights_03,flash,270,279
46_stage_lights_03,flash,289,299
46_stage_lights_03,flash,329,358
46_stage_lights_03,flash,377,377
46_stage_lights_03,flash,399,413
46_stage_lights_03,flash,421,423
46_stage_lights_03,flash,527,531
46_stage_lights_03,flash,543,543
46_stage_lights_03,flash,569,585
46_stage_lights_03,flash,651,669
46_stage_lights_03,flash,973,973
46_stage_lights_03,pattern,100,112
46_stage_lights_03,pattern,114,1153
46_stage_lights_03,pattern,124,124
46_stage_lights_03,pattern,126,126
46_stage_lights_03,pattern,131,132
46_stage_lights_03,pattern,143,145
46_stage_lights_03,pattern,219,269
46_stage_lights_03,pattern,270,299
46_stage_lights_03,pattern,309,377
46_stage_lights_03,pattern,399,413
46_stage_lights_03,pattern,421,423
46_stage_lights_03,pattern,527,531
46_stage_lights_03,pattern,543,556
46_stage_lights_03,pattern,569,599
46_stage_lights_03,pattern,651,685
46_stage_lights_03,pattern,702,707
46_stage_lights_03,pattern,721,770
46_stage_lights_03,pattern,802,811
46_stage_lights_03,pattern,936,939
46_stage_lights_03,pattern,943,943
47_spinning_lights,PHF,0,11
47_spinning_lights,PHF,126,128
47_spinning_lights,PHF,146,149
47_spinning_lights,PHF,159,169
47_spinning_lights,PHF,194,235
47_spinning_lights,PHF,240,242
47_spinning_lights,PHF,247,247
47_spinning_lights,PHF,270,277
47_spinning_lights,PHF,288,299
47_spinning_lights,PHF,305,320
47_spinning_lights,PHF,33,349
47_spinning_lights,PHF,42,72
47_spinning_lights,PHF,81,89
47_spinning_lights,PHF,97,97
47_spinning_lights,PFS,0,0
47_spinning_lights,PFS,11,115
47_spinning_lights,PFS,126,149
47_spinning_lights,PFS,19,242
47_spinning_lights,PFS,270,270
47_spinning_lights,PFS,288,299
47_spinning_lights,PFS,304,334
47_spinning_lights,PFS,342,346
47_spinning_lights,PFS,42,72
47_spinning_lights,PFS,81,89
47_spinning_lights,PS,0,11
47_spinning_lights,PS,126,128
47_spinning_lights,PS,146,149
47_spinning_lights,PS,159,168
47_spinning_lights,PS,194,235
47_spinning_lights,PS,240,242
47_spinning_lights,PS,270,277
47_spinning_lights,PS,288,299
47_spinning_lights,PS,305,320
47_spinning_lights,PS,33,349
47_spinning_lights,PS,42,72
47_spinning_lights,PS,81,89
47_spinning_lights,PS,97,97
47_spinning_lights,PSP,0,97
47_spinning_lights,PHP,0,149
47_spinning_lights,PHP,154,282
47_spinning_lights,PHP,29,97
47_spinning_lights,flash,0,97
47_spinning_lights,pattern,0,97
48_stage_lights_04,PHF,25,25
48_stage_lights_04,PHF,33,33
48_stage_lights_04,PHF,64,64
48_stage_lights_04,PFS,64,64
48_stage_lights_04,PS,25,25
48_stage_lights_04,PS,33,33
48_stage_lights_04,PS,64,64
48_stage_lights_04,PSP,131,131
48_stage_lights_04,PSP,3,3
48_stage_lights_04,PSP,4,4
48_stage_lights_04,PSP,8,8
48_stage_lights_04,pattern,64,64
49_light_tunnel_04,PHF,102,113
49_light_tunnel_04,PHF,170,18
49_light_tunnel_04,PHF,191,191
49_light_tunnel_04,PHF,202,202
49_light_tunnel_04,PHF,21,21
49_light_tunnel_04,PHF,216,216
49_light_tunnel_04,PHF,227,261
49_light_tunnel_04,PHF,38,38
49_light_tunnel_04,PHF,66,66
49_light_tunnel_04,PHF,74,74
49_light_tunnel_04,PHF,80,80
49_light_tunnel_04,PFS,102,113
49_light_tunnel_04,PFS,152,152
49_light_tunnel_04,PFS,170,18
49_light_tunnel_04,PFS,2,2
49_light_tunnel_04,PFS,21,21
49_light_tunnel_04,PFS,222,261
49_light_tunnel_04,PFS,38,39
49_light_tunnel_04,PFS,72,80
49_light_tunnel_04,PS,102,113
49_light_tunnel_04,PS,170,18
49_light_tunnel_04,PS,191,191
49_light_tunnel_04,PS,202,202
49_light_tunnel_04,PS,21,21
49_light_tunnel_04,PS,222,222
49_light_tunnel_04,PS,227,227
49_light_tunnel_04,PS,23,261
49_light_tunnel_04,PS,38,39
49_light_tunnel_04,PS,66,72
49_light_tunnel_04,PS,74,80
49_light_tunnel_04,PSP,10,80
49_light_tunnel_04,PHP,10,102
49_light_tunnel_04,PHP,131,252
49_light_tunnel_04,PHP,271,80
49_light_tunnel_04,pattern,10,80
4_clublights_02,PHF,26,26
4_clublights_02,PHF,596,596
4_clublights_02,PHR,249,26
4_clublights_02,PHR,472,472
4_clublights_02,PHR,527,527
4_clublights_02,PHR,596,596
4_clublights_02,PHR,600,600
4_clublights_02,PHR,718,718
4_clublights_02,PS,249,26
4_clublights_02,PS,35,35
4_clublights_02,PS,521,527
4_clublights_02,PS,596,596
4_clublights_02,PS,600,600
4_clublights_02,PS,718,718
4_clublights_02,PSP,108,99
4_clublights_02,PHP,132,147
4_clublights_02,PHP,198,210
4_clublights_02,PHP,242,26
4_clublights_02,PHP,29,29
4_clublights_02,PHP,306,306
4_clublights_02,PHP,31,323
4_clublights_02,PHP,33,336
4_clublights_02,PHP,352,362
4_clublights_02,PHP,408,413
4_clublights_02,PHP,436,449
4_clublights_02,PHP,472,472
4_clublights_02,PHP,521,527
4_clublights_02,PHP,554,563
4_clublights_02,PHP,592,599
4_clublights_02,PHP,600,612
4_clublights_02,PHP,623,623
4_clublights_02,PHP,627,627
4_clublights_02,PHP,668,678
4_clublights_02,PHP,694,694
4_clublights_02,PHP,713,718
4_clublights_02,PHP,743,751
4_clublights_02,PHP,99,99
4_clublights_02,flash,113,147
4_clublights_02,flash,205,26
4_clublights_02,flash,29,29
4_clublights_02,flash,306,336
4_clublights_02,flash,35,35
4_clublights_02,flash,408,413
4_clublights_02,flash,449,472
4_clublights_02,flash,495,527
4_clublights_02,flash,530,530
4_clublights_02,flash,596,599
4_clublights_02,flash,600,630
4_clublights_02,flash,691,718
4_clublights_02,flash,736,751
50_light_tunnel_05,PSP,100,97
50_light_tunnel_05,PHP,100,97
50_light_tunnel_05,pattern,100,97
5_firetruck_flash,PHF,101,103
5_firetruck_flash,PHF,115,115
5_firetruck_flash,PHF,123,148
5_firetruck_flash,PHF,162,164
5_firetruck_flash,PHF,198,198
5_firetruck_flash,PHF,211,211
5_firetruck_flash,PHF,220,221
5_firetruck_flash,PHF,232,234
5_firetruck_flash,PHF,44,6
5_firetruck_flash,PHF,7,7
5_firetruck_flash,PHR,103,103
5_firetruck_flash,PHR,115,115
5_firetruck_flash,PHR,125,126
5_firetruck_flash,PHR,162,164
5_firetruck_flash,PHR,198,198
5_firetruck_flash,PHR,211,211
5_firetruck_flash,PHR,220,221
5_firetruck_flash,PHR,233,234
5_firetruck_flash,PHR,44,44
5_firetruck_flash,PHR,55,6
5_firetruck_flash,PHR,7,7
5_firetruck_flash,PS,101,103
5_firetruck_flash,PS,115,115
5_firetruck_flash,PS,125,148
5_firetruck_flash,PS,162,164
5_firetruck_flash,PS,198,198
5_firetruck_flash,PS,211,211
5_firetruck_flash,PS,220,221
5_firetruck_flash,PS,232,234
5_firetruck_flash,PS,44,6
5_firetruck_flash,PS,7,7
5_firetruck_flash,flash,101,103
5_firetruck_flash,flash,115,115
5_firetruck_flash,flash,123,148
5_firetruck_flash,flash,162,164
5_firetruck_flash,flash,198,198
5_firetruck_flash,flash,211,211
5_firetruck_flash,flash,220,221
5_firetruck_flash,flash,232,234
5_firetruck_flash,flash,44,6
5_firetruck_flash,flash,7,7
5_firetruck_flash,pattern,101,101
5_firetruck_flash,pattern,115,115
5_firetruck_flash,pattern,125,126
5_firetruck_flash,pattern,148,148
5_firetruck_flash,pattern,162,162
5_firetruck_flash,pattern,220,220
5_firetruck_flash,pattern,233,233
5_firetruck_flash,pattern,44,55
5_firetruck_flash,pattern,6,6
5_firetruck_flash,pattern,7,7
6_red_blue_lights,PHR,27,27
6_red_blue_lights,PHR,30,30
6_red_blue_lights,PHR,343,343
6_red_blue_lights,PHR,39,40
6_red_blue_lights,PHR,51,63
6_red_blue_lights,PHR,88,88
6_red_blue_lights,PS,27,27
6_red_blue_lights,PS,30,30
6_red_blue_lights,PS,82,82
6_red_blue_lights,flash,111,316
6_red_blue_lights,flash,323,95
7_glitch_lines,PSP,101,104
7_glitch_lines,PSP,114,114
7_glitch_lines,PSP,134,134
7_glitch_lines,PSP,142,199
7_glitch_lines,PSP,200,208
7_glitch_lines,PSP,217,27
7_glitch_lines,PSP,283,283
7_glitch_lines,PSP,291,291
7_glitch_lines,PSP,39,63
7_glitch_lines,PSP,79,99
7_glitch_lines,PHP,101,104
7_glitch_lines,PHP,134,134
7_glitch_lines,PHP,142,142
7_glitch_lines,PHP,156,168
7_glitch_lines,PHP,18,199
7_glitch_lines,PHP,200,208
7_glitch_lines,PHP,217,225
7_glitch_lines,PHP,248,257
7_glitch_lines,PHP,260,260
7_glitch_lines,PHP,283,283
7_glitch_lines,PHP,291,291
7_glitch_lines,PHP,39,63
7_glitch_lines,PHP,79,99
7_glitch_lines,flash,101,114
7_glitch_lines,flash,136,136
7_glitch_lines,flash,197,197
7_glitch_lines,flash,200,200
7_glitch_lines,flash,21,225
7_glitch_lines,flash,240,27
7_glitch_lines,flash,283,42
7_glitch_lines,flash,63,63
7_glitch_lines,flash,92,92
7_glitch_lines,pattern,0,99
8_fast_lines,PSP,1,97
8_fast_lines,PHP,1,97
8_fast_lines,flash,115,142
8_fast_lines,flash,170,170
8_fast_lines,flash,176,230
8_fast_lines,flash,233,233
8_fast_lines,flash,256,280
8_fast_lines,flash,34,46
8_fast_lines,flash,62,70
8_fast_lines,flash,92,97
8_fast_lines,pattern,1,97
9_fireworks_01,PHF,101,101
9_fireworks_01,PHF,119,119
9_fireworks_01,PHF,134,134
9_fireworks_01,PHF,138,138
9_fireworks_01,PHF,15,15
9_fireworks_01,PHF,176,176
9_fireworks_01,PHF,188,188
9_fireworks_01,PHF,194,194
9_fireworks_01,PHF,216,218
9_fireworks_01,PHF,221,221
9_fireworks_01,PHF,227,228
9_fireworks_01,PHF,237,237
9_fireworks_01,PHF,25,271
9_fireworks_01,PHF,303,307
9_fireworks_01,PHF,323,323
9_fireworks_01,PHF,335,336
9_fireworks_01,PHF,356,370
9_fireworks_01,PHF,388,390
9_fireworks_01,PHF,400,405
9_fireworks_01,PHF,412,412
9_fireworks_01,PHF,427,427
9_fireworks_01,PHF,430,430
9_fireworks_01,PHF,432,436
9_fireworks_01,PHF,466,471
9_fireworks_01,PHF,493,493
9_fireworks_01,PHF,501,501
9_fireworks_01,PHF,515,515
9_fireworks_01,PHF,547,547
9_fireworks_01,PHF,568,568
9_fireworks_01,PHF,597,597
9_fireworks_01,PHF,6,6
9_fireworks_01,PHF,605,61
9_fireworks_01,PHF,619,619
9_fireworks_01,PHF,630,641
9_fireworks_01,PHF,652,652
9_fireworks_01,PHF,704,712
9_fireworks_01,PHF,715,715
9_fireworks_01,PHF,750,750
9_fireworks_01,PHF,824,824
9_fireworks_01,PHF,830,832
9_fireworks_01,PHF,87,87
9_fireworks_01,PHF,91,91
9_fireworks_01,PFS,100,101
9_fireworks_01,PFS,138,138
9_fireworks_01,PFS,176,176
9_fireworks_01,PFS,188,188
9_fireworks_01,PFS,194,194
9_fireworks_01,PFS,215,215
9_fireworks_01,PFS,218,219
9_fireworks_01,PFS,223,223
9_fireworks_01,PFS,228,228
9_fireworks_01,PFS,233,233
9_fireworks_01,PFS,237,237
9_fireworks_01,PFS,249,249
9_fireworks_01,PFS,253,253
9_fireworks_01,PFS,260,271
9_fireworks_01,PFS,307,312
9_fireworks_01,PFS,335,336
9_fireworks_01,PFS,359,359
9_fireworks_01,PFS,466,466
9_fireworks_01,PFS,630,630
9_fireworks_01,PFS,832,832
9_fireworks_01,PS,100,101
9_fireworks_01,PS,119,119
9_fireworks_01,PS,134,138
9_fireworks_01,PS,15,15
9_fireworks_01,PS,176,176
9_fireworks_01,PS,188,188
9_fireworks_01,PS,194,194
9_fireworks_01,PS,215,221
9_fireworks_01,PS,227,228
9_fireworks_01,PS,237,237
9_fireworks_01,PS,25,26
9_fireworks_01,PS,271,271
9_fireworks_01,PS,293,293
9_fireworks_01,PS,303,307
9_fireworks_01,PS,336,336
9_fireworks_01,PS,359,370
9_fireworks_01,PS,388,390
9_fireworks_01,PS,400,405
9_fireworks_01,PS,427,427
9_fireworks_01,PS,430,436
9_fireworks_01,PS,466,471
9_fireworks_01,PS,493,493
9_fireworks_01,PS,501,503
9_fireworks_01,PS,515,515
9_fireworks_01,PS,568,568
9_fireworks_01,PS,6,6
9_fireworks_01,PS,61,61
9_fireworks_01,PS,619,619
9_fireworks_01,PS,630,641
9_fireworks_01,PS,705,705
9_fireworks_01,PS,711,711
9_fireworks_01,PS,715,715
9_fireworks_01,PS,750,750
9_fireworks_01,PS,794,794
9_fireworks_01,PS,832,832
9_fireworks_01,PS,87,87
9_fireworks_01,PS,91,91
9_fireworks_01,PSP,100,119
9_fireworks_01,PSP,148,148
9_fireworks_01,PSP,157,158
9_fireworks_01,PSP,178,188
9_fireworks_01,PSP,194,194
9_fireworks_01,PSP,203,208
9_fireworks_01,PSP,218,223
9_fireworks_01,PSP,234,239
9_fireworks_01,PSP,253,253
9_fireworks_01,PSP,260,260
9_fireworks_01,PSP,281,281
9_fireworks_01,PSP,293,293
9_fireworks_01,PSP,303,303
9_fireworks_01,PSP,312,323
9_fireworks_01,PSP,370,370
9_fireworks_01,PSP,383,383
9_fireworks_01,PSP,390,397
9_fireworks_01,PSP,422,431
9_fireworks_01,PSP,460,460
9_fireworks_01,PSP,493,493
9_fireworks_01,PSP,515,515
9_fireworks_01,PSP,525,525
9_fireworks_01,PSP,56,568
9_fireworks_01,PSP,60,61
9_fireworks_01,PSP,81,81
9_fireworks_01,PSP,85,85
9_fireworks_01,PSP,88,88
9_fireworks_01,PSP,89,90
9_fireworks_01,PHP,100,100
9_fireworks_01,PHP,102,119
9_fireworks_01,PHP,148,148
9_fireworks_01,PHP,157,158
9_fireworks_01,PHP,180,181
9_fireworks_01,PHP,194,194
9_fireworks_01,PHP,203,206
9_fireworks_01,PHP,212,212
9_fireworks_01,PHP,218,218
9_fireworks_01,PHP,221,223
9_fireworks_01,PHP,237,239
9_fireworks_01,PHP,253,253
9_fireworks_01,PHP,260,260
9_fireworks_01,PHP,281,281
9_fireworks_01,PHP,312,323
9_fireworks_01,PHP,347,349
9_fireworks_01,PHP,373,383
9_fireworks_01,PHP,390,390
9_fireworks_01,PHP,422,423
9_fireworks_01,PHP,428,428
9_fireworks_01,PHP,431,432
9_fireworks_01,PHP,460,460
9_fireworks_01,PHP,493,493
9_fireworks_01,PHP,525,525
9_fireworks_01,PHP,56,568
9_fireworks_01,PHP,60,61
9_fireworks_01,PHP,85,85
9_fireworks_01,PHP,88,88
9_fireworks_01,PHP,89,89
9_fireworks_01,flash,100,123
9_fireworks_01,flash,128,194
9_fireworks_01,flash,20,294
9_fireworks_01,flash,30,81
9_fireworks_01,flash,816,95
