video,frame_id,label,true,pred
39_glitch_motion_01,382,PHF,1,0
39_glitch_motion_01,382,PSP,0,1
39_glitch_motion_01,382,PHP,0,1
39_glitch_motion_01,1376,PSP,0,1
39_glitch_motion_01,1376,PHP,0,1
14_driving_03,222,PHF,0,1
14_driving_03,222,PS,0,1
14_driving_03,222,flash,0,1
17_flikering_lights,244,PHF,0,1
17_flikering_lights,244,flash,1,0
17_flikering_lights,938,PHF,0,1
17_flikering_lights,938,PS,0,1
12_driving_01,198,PS,0,1
48_stage_lights_04,127,PSP,1,0
48_stage_lights_04,127,PHP,1,0
44_light_tunnel_03,263,PHF,0,1
44_light_tunnel_03,263,PS,0,1
43_light_tunnel_02,212,PHF,1,0
43_light_tunnel_02,212,PFS,1,0
43_light_tunnel_02,212,PS,1,0
17_flikering_lights,787,PFS,0,1
39_glitch_motion_01,73,PHF,0,1
39_glitch_motion_01,73,PFS,0,1
39_glitch_motion_01,73,PS,0,1
29_pattern,173,PHP,1,0
47_spinning_lights,11,PHF,0,1
47_spinning_lights,11,PS,0,1
39_glitch_motion_01,1771,PHF,1,0
39_glitch_motion_01,1771,PFS,0,1
39_glitch_motion_01,1771,PS,1,0
39_glitch_motion_01,1771,PSP,0,1
39_glitch_motion_01,1771,PHP,0,1
17_flikering_lights,430,flash,1,0
39_glitch_motion_01,1332,PFS,0,1
39_glitch_motion_01,619,PHF,0,1
39_glitch_motion_01,619,PS,0,1
47_spinning_lights,345,PFS,0,1
47_spinning_lights,345,PHP,0,1
17_flikering_lights,1268,PFS,0,1
17_flikering_lights,1268,flash,0,1
16_zooming_lights,67,flash,1,0
43_light_tunnel_02,38,PHF,1,0
43_light_tunnel_02,38,PS,1,0
1_subway,208,PHF,0,1
1_subway,208,PFS,1,0
1_subway,208,PS,0,1
30_flash,106,PSP,0,1
5_firetruck_flash,101,PHR,1,0
9_fireworks_01,219,PS,0,1
9_fireworks_01,219,PHP,1,0
39_glitch_motion_01,867,PHF,0,1
39_glitch_motion_01,867,PS,0,1
44_light_tunnel_03,9,PS,1,0
17_flikering_lights,234,flash,1,0
36_bomb_01,259,flash,1,0
39_glitch_motion_01,731,PFS,1,0
43_light_tunnel_02,14,PHF,1,0
43_light_tunnel_02,14,PFS,1,0
43_light_tunnel_02,14,PS,1,0
44_light_tunnel_03,341,PHF,0,1
44_light_tunnel_03,341,PS,0,1
44_light_tunnel_03,341,PHP,1,0
39_glitch_motion_01,480,PHF,0,1
39_glitch_motion_01,480,PS,0,1
39_glitch_motion_01,8,PHF,1,0
39_glitch_motion_01,8,PS,1,0
4_clublights_02,568,PHP,1,0
9_fireworks_01,471,PHF,0,1
9_fireworks_01,471,PS,0,1
7_glitch_lines,21,flash,0,1
24_flickiering_light,102,PSP,1,0
24_flickiering_light,102,PHP,1,0
17_flikering_lights,311,PHF,1,0
17_flikering_lights,311,PHR,1,0
17_flikering_lights,311,PFS,1,0
17_flikering_lights,311,PS,1,0
44_light_tunnel_03,800,PHP,1,0
39_glitch_motion_01,476,PSP,0,1
39_glitch_motion_01,476,PHP,0,1
17_flikering_lights,287,PFS,0,1
11_fireworks_03,1075,PHF,1,0
11_fireworks_03,1075,PS,1,0
9_fireworks_01,796,PHF,1,0
9_fireworks_01,796,PS,1,0
39_glitch_motion_01,643,PHF,0,1
39_glitch_motion_01,643,PSP,0,1
33_flash_burst,15,PHF,1,0
33_flash_burst,15,PS,1,0
39_glitch_motion_01,788,PHF,0,1
39_glitch_motion_01,788,PS,0,1
39_glitch_motion_01,1040,PHF,0,1
39_glitch_motion_01,1040,PS,0,1
17_flikering_lights,123,flash,1,0
44_light_tunnel_03,111,PHP,1,0
16_zooming_lights,175,PHF,1,0
16_zooming_lights,175,PS,1,0
16_zooming_lights,175,flash,1,0
17_flikering_lights,1002,PFS,1,0
28_explosion,44,flash,0,1
9_fireworks_01,597,PHF,0,1
9_fireworks_01,597,PSP,1,0
9_fireworks_01,597,PHP,1,0
10_fireworks_02,44,PSP,1,0
10_fireworks_02,44,PHP,1,0
44_light_tunnel_03,616,PHP,0,1
46_stage_lights_03,353,flash,0,1
1_subway,188,PFS,1,0
49_light_tunnel_04,280,PHF,1,0
49_light_tunnel_04,280,PS,1,0
39_glitch_motion_01,1528,PHF,0,1
39_glitch_motion_01,1528,PS,0,1
9_fireworks_01,518,PSP,1,0
9_fireworks_01,518,PHP,1,0
46_stage_lights_03,529,flash,0,1
46_stage_lights_03,529,pattern,0,1
40_glitch_motion_02,14,PSP,0,1
44_light_tunnel_03,230,PFS,1,0
4_clublights_02,21,PHF,1,0
4_clublights_02,21,PS,1,0
4_clublights_02,198,PHP,0,1
46_stage_lights_03,531,flash,0,1
46_stage_lights_03,531,pattern,0,1
29_pattern,130,PHP,1,0
9_fireworks_01,158,PSP,0,1
9_fireworks_01,158,PHP,0,1
39_glitch_motion_01,1120,PHF,0,1
39_glitch_motion_01,1120,PS,0,1
45_stage_lights_02,165,PHR,1,0
45_stage_lights_02,165,PS,1,0
45_stage_lights_02,165,PHP,1,0
41_light_tunnel_01,181,PHP,1,0
46_stage_lights_03,1220,flash,0,1
17_flikering_lights,698,PS,0,1
8_fast_lines,27,flash,0,1
43_light_tunnel_02,118,PHF,1,0
43_light_tunnel_02,118,PS,1,0
33_flash_burst,45,pattern,1,0
6_red_blue_lights,82,PHR,1,0
45_stage_lights_02,90,PHF,0,1
45_stage_lights_02,90,PFS,1,0
49_light_tunnel_04,186,PFS,1,0
8_fast_lines,164,flash,1,0
45_stage_lights_02,142,PHF,1,0
45_stage_lights_02,142,flash,1,0
47_spinning_lights,273,PHP,0,1
30_flash,210,PSP,0,1
39_glitch_motion_01,500,PHF,0,1
39_glitch_motion_01,500,PFS,0,1
39_glitch_motion_01,500,PS,0,1
39_glitch_motion_01,1795,PSP,0,1
39_glitch_motion_01,1795,PHP,0,1
1_subway,91,PHF,0,1
1_subway,91,PFS,0,1
1_subway,91,PS,0,1
1_subway,91,PHP,1,0
33_flash_burst,378,PHP,1,0
39_glitch_motion_01,816,PS,1,0
9_fireworks_01,102,PSP,0,1
9_fireworks_01,102,PHP,0,1
9_fireworks_01,14,PHF,1,0
9_fireworks_01,14,PS,1,0
12_driving_01,22,flash,1,0
46_stage_lights_03,217,flash,1,0
46_stage_lights_03,217,pattern,1,0
39_glitch_motion_01,684,PHF,0,1
39_glitch_motion_01,684,PS,0,1
39_glitch_motion_01,684,PHP,0,1
14_driving_03,553,PHR,1,0
41_light_tunnel_01,75,PHP,1,0
39_glitch_motion_01,1587,PHF,0,1
39_glitch_motion_01,1587,PS,0,1
46_stage_lights_03,1105,PHF,1,0
46_stage_lights_03,1105,PS,1,0
46_stage_lights_03,1105,flash,1,0
17_flikering_lights,1076,PFS,1,0
17_flikering_lights,1014,PHF,1,0
17_flikering_lights,1014,PS,1,0
5_firetruck_flash,118,flash,1,0
47_spinning_lights,304,PHF,1,0
47_spinning_lights,304,PS,1,0
9_fireworks_01,830,PFS,1,0
9_fireworks_01,830,PS,1,0
39_glitch_motion_01,927,PSP,1,0
39_glitch_motion_01,927,PHP,1,0
39_glitch_motion_01,1472,PHF,0,1
46_stage_lights_03,1400,PHP,1,0
4_clublights_02,249,PHP,0,1
13_driving_02,0,PS,0,1
17_flikering_lights,853,PHR,1,0
8_fast_lines,251,flash,1,0
17_flikering_lights,193,PFS,1,0
46_stage_lights_03,42,PSP,0,1
4_clublights_02,717,PHF,1,0
4_clublights_02,717,PS,1,0
4_clublights_02,717,PSP,0,1
4_clublights_02,717,PHP,0,1
46_stage_lights_03,1117,PHF,0,1
46_stage_lights_03,1117,PFS,0,1
46_stage_lights_03,1117,PSP,0,1
46_stage_lights_03,1117,PHP,0,1
49_light_tunnel_04,66,PFS,1,0
12_driving_01,207,PHF,1,0
12_driving_01,207,PFS,1,0
12_driving_01,207,PS,1,0
1_subway,36,PS,0,1
29_pattern,197,PHP,0,1
46_stage_lights_03,403,PFS,1,0
24_flickiering_light,349,PHP,0,1
13_driving_02,49,PHF,1,0
39_glitch_motion_01,1393,PFS,0,1
14_driving_03,552,PHR,1,0
40_glitch_motion_02,314,PSP,0,1
46_stage_lights_03,679,PFS,1,0
46_stage_lights_03,679,PS,0,1
39_glitch_motion_01,1159,PHF,0,1
46_stage_lights_03,1272,PHF,0,1
46_stage_lights_03,1272,PS,0,1
40_glitch_motion_02,85,PSP,1,0
45_stage_lights_02,177,PHF,1,0
45_stage_lights_02,177,PFS,1,0
17_flikering_lights,549,PFS,0,1
39_glitch_motion_01,386,PHF,1,0
39_glitch_motion_01,386,PS,1,0
39_glitch_motion_01,386,PSP,0,1
39_glitch_motion_01,386,PHP,0,1
11_fireworks_03,884,PHF,1,0
11_fireworks_03,884,PFS,1,0
11_fireworks_03,884,PS,1,0
12_driving_01,110,PFS,1,0
47_spinning_lights,77,PFS,1,0
47_spinning_lights,77,PSP,0,1
47_spinning_lights,77,PHP,0,1
9_fireworks_01,824,PFS,1,0
9_fireworks_01,824,PS,1,0
17_flikering_lights,1121,PHF,0,1
17_flikering_lights,1121,PS,0,1
39_glitch_motion_01,1729,PSP,1,0
39_glitch_motion_01,1729,PHP,1,0
11_fireworks_03,53,flash,1,0
29_pattern,0,PSP,0,1
29_pattern,0,pattern,0,1
9_fireworks_01,873,PHF,1,0
9_fireworks_01,873,PS,1,0
33_flash_burst,349,PSP,1,0
46_stage_lights_03,684,PFS,1,0
12_driving_01,164,PHF,1,0
12_driving_01,164,PHR,0,1
9_fireworks_01,855,PHF,1,0
9_fireworks_01,855,PS,1,0
38_riot_fire,292,PHF,0,1
39_glitch_motion_01,825,PHF,1,0
39_glitch_motion_01,825,PFS,1,0
39_glitch_motion_01,825,PS,1,0
4_clublights_02,373,PSP,0,1
9_fireworks_01,652,PS,1,0
4_clublights_02,187,PHP,1,0
9_fireworks_01,397,PFS,1,0
9_fireworks_01,397,PSP,0,1
17_flikering_lights,315,PHR,1,0
17_flikering_lights,315,PS,1,0
48_stage_lights_04,54,PFS,1,0
48_stage_lights_04,54,pattern,1,0
8_fast_lines,170,flash,0,1
1_subway,204,PHF,1,0
39_glitch_motion_01,182,PS,0,1
39_glitch_motion_01,182,PSP,0,1
39_glitch_motion_01,182,PHP,0,1
12_driving_01,204,PFS,1,0
4_clublights_02,764,PHP,1,0
4_clublights_02,764,flash,1,0
13_driving_02,34,PHF,1,0
13_driving_02,34,PHR,0,1
45_stage_lights_02,71,PHF,1,0
45_stage_lights_02,71,PS,1,0
39_glitch_motion_01,680,PHF,0,1
39_glitch_motion_01,680,PS,0,1
4_clublights_02,537,PHP,1,0
14_driving_03,126,PFS,1,0
43_light_tunnel_02,73,PHF,0,1
43_light_tunnel_02,73,PHP,0,1
18_fast_moving_people,142,PHF,1,0
45_stage_lights_02,9,PHF,1,0
45_stage_lights_02,9,PS,1,0
1_subway,105,PFS,1,0
47_spinning_lights,277,PHF,0,1
47_spinning_lights,277,PS,0,1
9_fireworks_01,707,PHF,0,1
44_light_tunnel_03,477,PHF,0,1
44_light_tunnel_03,477,PHP,0,1
47_spinning_lights,3,PFS,1,0
47_spinning_lights,3,PSP,0,1
47_spinning_lights,3,PHP,0,1
47_spinning_lights,343,PHF,0,1
47_spinning_lights,343,PFS,0,1
47_spinning_lights,343,PS,0,1
47_spinning_lights,343,PHP,0,1
6_red_blue_lights,343,PHF,1,0
6_red_blue_lights,343,PS,1,0
1_subway,69,PHF,0,1
1_subway,69,PS,0,1
40_glitch_motion_02,535,PSP,0,1
43_light_tunnel_02,237,PHF,1,0
43_light_tunnel_02,237,PSP,0,1
43_light_tunnel_02,237,PHP,0,1
46_stage_lights_03,973,PHF,1,0
46_stage_lights_03,973,PS,1,0
46_stage_lights_03,973,flash,0,1
9_fireworks_01,630,PFS,0,1
12_driving_01,221,PHF,1,0
12_driving_01,221,PFS,1,0
12_driving_01,221,PS,1,0
39_glitch_motion_01,635,PS,1,0
39_glitch_motion_01,635,PSP,0,1
39_glitch_motion_01,635,PHP,0,1
45_stage_lights_02,297,PHF,1,0
45_stage_lights_02,297,PS,1,0
9_fireworks_01,101,PFS,0,1
9_fireworks_01,101,PSP,0,1
50_light_tunnel_05,237,PHP,0,1
18_fast_moving_people,72,PHF,1,0
18_fast_moving_people,72,PHR,1,0
6_red_blue_lights,16,PHR,1,0
6_red_blue_lights,16,PS,1,0
11_fireworks_03,217,PSP,0,1
9_fireworks_01,356,PFS,1,0
9_fireworks_01,356,PS,1,0
45_stage_lights_02,272,PHF,0,1
17_flikering_lights,530,PHR,1,0
12_driving_01,54,PHR,1,0
12_driving_01,54,PS,1,0
43_light_tunnel_02,256,PS,0,1
43_light_tunnel_02,256,PHP,0,1
41_light_tunnel_01,144,PHP,1,0
29_pattern,131,PHP,1,0
14_driving_03,180,PHF,0,1
14_driving_03,180,PS,0,1
46_stage_lights_03,92,PHP,1,0
17_flikering_lights,749,PHF,1,0
33_flash_burst,345,PSP,1,0
46_stage_lights_03,820,PSP,0,1
46_stage_lights_03,820,PHP,0,1
17_flikering_lights,103,PFS,1,0
30_flash,208,PSP,0,1
11_fireworks_03,1143,PHF,1,0
11_fireworks_03,1143,PS,1,0
7_glitch_lines,104,PSP,0,1
7_glitch_lines,104,PHP,0,1
8_fast_lines,62,flash,0,1
14_driving_03,125,PFS,1,0
44_light_tunnel_03,268,PHP,1,0
30_flash,126,PSP,1,0
30_flash,126,PHP,1,0
11_fireworks_03,919,flash,0,1
39_glitch_motion_01,86,PHF,1,0
39_glitch_motion_01,210,PHF,0,1
39_glitch_motion_01,210,PS,0,1
39_glitch_motion_01,210,PHP,0,1
23_flickering_light,230,PFS,1,0
39_glitch_motion_01,1634,PHF,1,0
39_glitch_motion_01,1634,PS,1,0
39_glitch_motion_01,1634,PSP,0,1
44_light_tunnel_03,17,PHF,1,0
44_light_tunnel_03,17,PS,1,0
39_glitch_motion_01,649,PSP,0,1
46_stage_lights_03,767,PHP,1,0
43_light_tunnel_02,156,PHF,1,0
11_fireworks_03,123,flash,1,0
43_light_tunnel_02,2,PHF,0,1
43_light_tunnel_02,2,PS,0,1
9_fireworks_01,460,PHF,1,0
9_fireworks_01,460,PS,1,0
45_stage_lights_02,428,PHR,1,0
45_stage_lights_02,428,PFS,1,0
7_glitch_lines,26,PSP,0,1
29_pattern,40,PHP,1,0
41_light_tunnel_01,60,PHP,1,0
40_glitch_motion_02,55,PS,0,1
39_glitch_motion_01,1687,PHF,0,1
39_glitch_motion_01,1687,PFS,1,0
12_driving_01,234,flash,0,1
1_subway,74,PFS,0,1
1_subway,74,pattern,0,1
40_glitch_motion_02,29,PHP,1,0
1_subway,141,PHF,1,0
1_subway,141,PS,1,0
40_glitch_motion_02,82,PSP,1,0
48_stage_lights_04,59,PHF,1,0
48_stage_lights_04,59,PFS,1,0
48_stage_lights_04,59,PS,1,0
48_stage_lights_04,59,PSP,1,0
48_stage_lights_04,59,PHP,1,0
48_stage_lights_04,59,pattern,1,0
17_flikering_lights,551,PHR,1,0
46_stage_lights_03,145,flash,0,1
1_subway,341,PFS,1,0
1_subway,341,PSP,0,1
39_glitch_motion_01,1371,PHF,0,1
39_glitch_motion_01,1371,PS,0,1
45_stage_lights_02,103,PFS,1,0
4_clublights_02,213,PHP,1,0
41_light_tunnel_01,106,PHP,1,0
47_spinning_lights,115,PFS,0,1
11_fireworks_03,1014,PHF,1,0
43_light_tunnel_02,128,PHF,0,1
43_light_tunnel_02,128,PS,0,1
9_fireworks_01,641,PFS,1,0
39_glitch_motion_01,488,PHF,0,1
39_glitch_motion_01,488,PS,0,1
39_glitch_motion_01,444,PFS,0,1
7_glitch_lines,0,pattern,0,1
25_lightning,254,flash,0,1
17_flikering_lights,1425,PFS,1,0
11_fireworks_03,888,PHF,1,0
11_fireworks_03,888,PS,1,0
43_light_tunnel_02,174,PHF,1,0
43_light_tunnel_02,174,PS,1,0
43_light_tunnel_02,174,PHP,0,1
9_fireworks_01,212,PSP,1,0
38_riot_fire,49,PFS,1,0
45_stage_lights_02,422,PHF,1,0
45_stage_lights_02,422,PFS,1,0
45_stage_lights_02,422,PS,1,0
46_stage_lights_03,236,PHF,1,0
46_stage_lights_03,236,PS,1,0
39_glitch_motion_01,378,PSP,0,1
39_glitch_motion_01,378,PHP,0,1
9_fireworks_01,249,PFS,0,1
23_flickering_light,233,PFS,1,0
47_spinning_lights,352,PHP,0,1
17_flikering_lights,303,PFS,1,0
17_flikering_lights,303,PS,1,0
39_glitch_motion_01,550,PHR,1,0
44_light_tunnel_03,813,PHP,1,0
43_light_tunnel_02,175,PHF,0,1
43_light_tunnel_02,0,PS,0,1
43_light_tunnel_02,0,PSP,0,1
43_light_tunnel_02,0,PHP,0,1
43_light_tunnel_02,0,flash,0,1
43_light_tunnel_02,0,pattern,0,1
46_stage_lights_03,150,PSP,1,0
46_stage_lights_03,150,PHP,1,0
39_glitch_motion_01,1415,PSP,1,0
39_glitch_motion_01,1415,PHP,1,0
39_glitch_motion_01,136,PFS,0,1
39_glitch_motion_01,763,PSP,0,1
39_glitch_motion_01,763,PHP,0,1
46_stage_lights_03,256,PFS,1,0
12_driving_01,30,PFS,1,0
39_glitch_motion_01,946,PHF,1,0
39_glitch_motion_01,946,PS,1,0
44_light_tunnel_03,827,PHF,1,0
44_light_tunnel_03,827,PS,1,0
40_glitch_motion_02,339,PSP,0,1
46_stage_lights_03,524,PHF,1,0
46_stage_lights_03,524,PS,1,0
46_stage_lights_03,524,pattern,1,0
45_stage_lights_02,248,PFS,1,0
23_flickering_light,114,PFS,1,0
45_stage_lights_02,359,PHF,1,0
45_stage_lights_02,359,PS,1,0
9_fireworks_01,136,PS,0,1
11_fireworks_03,675,flash,0,1
47_spinning_lights,246,PFS,1,0
17_flikering_lights,1300,PFS,1,0
34_patrol_lights,149,PHP,1,0
39_glitch_motion_01,273,PSP,1,0
43_light_tunnel_02,200,PFS,1,0
4_clublights_02,688,flash,1,0
45_stage_lights_02,435,PHF,1,0
45_stage_lights_02,435,PS,1,0
23_flickering_light,198,PHF,1,0
23_flickering_light,198,PS,1,0
34_patrol_lights,261,PHP,0,1
45_stage_lights_02,354,PHF,1,0
45_stage_lights_02,354,PS,1,0
44_light_tunnel_03,141,PHF,1,0
44_light_tunnel_03,141,PS,1,0
44_light_tunnel_03,141,PHP,1,0
17_flikering_lights,210,PHF,0,1
17_flikering_lights,210,PS,0,1
17_flikering_lights,300,PFS,1,0
17_flikering_lights,1389,PHR,1,0
46_stage_lights_03,126,PHF,1,0
46_stage_lights_03,126,PS,1,0
46_stage_lights_03,126,PSP,1,0
46_stage_lights_03,126,PHP,1,0
4_clublights_02,600,PHF,1,0
39_glitch_motion_01,1521,PHF,0,1
39_glitch_motion_01,1521,PS,0,1
46_stage_lights_03,270,PS,0,1
39_glitch_motion_01,989,PFS,0,1
12_driving_01,59,PHR,0,1
46_stage_lights_03,1330,PSP,1,0
9_fireworks_01,260,PHF,0,1
9_fireworks_01,260,PSP,0,1
9_fireworks_01,260,PHP,0,1
16_zooming_lights,104,PHF,1,0
16_zooming_lights,104,PS,1,0
16_zooming_lights,104,flash,1,0
35_flare_wave,203,PSP,1,0
44_light_tunnel_03,702,PHF,1,0
44_light_tunnel_03,702,PS,1,0
44_light_tunnel_03,718,PFS,1,0
44_light_tunnel_03,718,PHP,1,0
24_flickiering_light,377,PSP,0,1
24_flickiering_light,377,PHP,0,1
43_light_tunnel_02,181,PS,0,1
39_glitch_motion_01,38,PHP,1,0
12_driving_01,109,PHR,1,0
12_driving_01,109,PFS,1,0
45_stage_lights_02,261,PFS,1,0
45_stage_lights_02,261,PS,1,0
4_clublights_02,678,PHF,1,0
4_clublights_02,678,PS,1,0
4_clublights_02,678,PSP,0,1
4_clublights_02,678,PHP,0,1
30_flash,66,PSP,1,0
40_glitch_motion_02,415,PHF,1,0
40_glitch_motion_02,415,PS,1,0
39_glitch_motion_01,942,PHF,1,0
39_glitch_motion_01,942,PFS,1,0
39_glitch_motion_01,942,PS,1,0
1_subway,218,PHF,1,0
1_subway,218,PFS,1,0
1_subway,218,PS,1,0
40_glitch_motion_02,437,PHF,1,0
40_glitch_motion_02,437,PHR,1,0
40_glitch_motion_02,437,PSP,1,0
40_glitch_motion_02,437,PHP,1,0
49_light_tunnel_04,39,PHF,1,0
49_light_tunnel_04,39,PFS,0,1
46_stage_lights_03,1273,PHF,0,1
46_stage_lights_03,1273,PS,0,1
1_subway,191,PHF,1,0
11_fireworks_03,1282,PHF,1,0
11_fireworks_03,1282,PFS,1,0
11_fireworks_03,1282,PS,1,0
47_spinning_lights,255,PSP,0,1
47_spinning_lights,255,PHP,0,1
4_clublights_02,642,PHP,1,0
9_fireworks_01,228,PSP,1,0
9_fireworks_01,228,PHP,1,0
40_glitch_motion_02,276,PSP,1,0
40_glitch_motion_02,276,PHP,1,0
1_subway,52,PS,1,0
7_glitch_lines,73,PSP,1,0
7_glitch_lines,73,PHP,1,0
9_fireworks_01,335,PS,1,0
9_fireworks_01,335,PSP,1,0
9_fireworks_01,335,PHP,1,0
46_stage_lights_03,359,PSP,1,0
46_stage_lights_03,359,PHP,1,0
46_stage_lights_03,359,flash,1,0
46_stage_lights_03,1036,PHP,1,0
17_flikering_lights,1129,PFS,0,1
11_fireworks_03,314,flash,0,1
12_driving_01,171,PHR,1,0
12_driving_01,171,PS,1,0
46_stage_lights_03,682,PHF,1,0
46_stage_lights_03,682,PFS,1,0
46_stage_lights_03,682,PS,1,0
44_light_tunnel_03,864,PHF,1,0
44_light_tunnel_03,864,PS,1,0
46_stage_lights_03,1042,flash,0,1
44_light_tunnel_03,610,PHF,0,1
44_light_tunnel_03,610,PS,0,1
24_flickiering_light,369,PSP,1,0
4_clublights_02,352,PHP,0,1
40_glitch_motion_02,44,pattern,1,0
39_glitch_motion_01,16,PHF,1,0
46_stage_lights_03,275,PFS,1,0
33_flash_burst,340,PHP,1,0
23_flickering_light,14,PHF,1,0
23_flickering_light,14,PS,1,0
17_flikering_lights,108,flash,1,0
12_driving_01,114,PFS,1,0
46_stage_lights_03,1150,PFS,1,0
46_stage_lights_03,1150,flash,1,0
39_glitch_motion_01,501,PHF,0,1
39_glitch_motion_01,501,PFS,0,1
39_glitch_motion_01,501,PS,0,1
45_stage_lights_02,87,PFS,1,0
9_fireworks_01,430,PSP,0,1
34_patrol_lights,74,PHP,1,0
47_spinning_lights,213,PSP,0,1
47_spinning_lights,213,PHP,0,1
50_light_tunnel_05,185,PHP,0,1
47_spinning_lights,353,PHP,0,1
44_light_tunnel_03,310,PSP,1,0
44_light_tunnel_03,310,PHP,1,0
40_glitch_motion_02,442,PFS,1,0
40_glitch_motion_02,442,PS,1,0
11_fireworks_03,106,flash,0,1
39_glitch_motion_01,399,PHF,1,0
39_glitch_motion_01,399,PFS,1,0
39_glitch_motion_01,399,PS,1,0
17_flikering_lights,910,PHF,1,0
17_flikering_lights,910,PFS,1,0
17_flikering_lights,910,PS,1,0
38_riot_fire,304,PFS,0,1
45_stage_lights_02,419,PHR,0,1
49_light_tunnel_04,38,PFS,0,1
39_glitch_motion_01,145,PSP,1,0
39_glitch_motion_01,145,PHP,1,0
40_glitch_motion_02,514,PHP,1,0
9_fireworks_01,347,PHF,1,0
9_fireworks_01,347,PS,1,0
9_fireworks_01,347,PSP,1,0
5_firetruck_flash,28,flash,1,0
4_clublights_02,306,PHP,0,1
27_lightning,230,PHF,1,0
27_lightning,230,PS,1,0
14_driving_03,598,PHF,1,0
14_driving_03,598,PS,1,0
14_driving_03,598,flash,1,0
27_lightning,346,PHF,1,0
27_lightning,346,PS,1,0
39_glitch_motion_01,91,PFS,1,0
39_glitch_motion_01,91,PS,0,1
11_fireworks_03,1280,PHF,1,0
11_fireworks_03,1280,PFS,1,0
11_fireworks_03,1280,PS,1,0
11_fireworks_03,1280,flash,0,1
30_flash,151,PSP,0,1
12_driving_01,84,PFS,0,1
45_stage_lights_02,148,PSP,0,1
40_glitch_motion_02,446,PFS,1,0
12_driving_01,88,PHR,1,0
12_driving_01,88,PS,1,0
39_glitch_motion_01,1272,PHF,1,0
39_glitch_motion_01,1272,PFS,1,0
39_glitch_motion_01,1272,PS,1,0
45_stage_lights_02,258,PHF,1,0
45_stage_lights_02,258,PFS,1,0
29_pattern,138,PHP,1,0
47_spinning_lights,270,PFS,0,1
38_riot_fire,274,PHF,0,1
43_light_tunnel_02,55,PHF,1,0
43_light_tunnel_02,55,PFS,1,0
17_flikering_lights,1021,PFS,1,0
47_spinning_lights,150,PHP,1,0
43_light_tunnel_02,274,PHF,1,0
43_light_tunnel_02,274,PS,1,0
43_light_tunnel_02,274,PHP,0,1
44_light_tunnel_03,419,PHF,1,0
44_light_tunnel_03,419,PS,1,0
11_fireworks_03,707,PSP,1,0
30_flash,239,PSP,0,1
43_light_tunnel_02,204,PHF,0,1
43_light_tunnel_02,204,PS,0,1
23_flickering_light,206,PHF,1,0
23_flickering_light,206,PS,1,0
46_stage_lights_03,251,PSP,1,0
46_stage_lights_03,251,PHP,1,0
49_light_tunnel_04,72,PHF,1,0
4_clublights_02,495,PHR,1,0
4_clublights_02,495,PS,1,0
38_riot_fire,250,PHF,0,1
30_flash,22,flash,1,0
14_driving_03,118,PFS,1,0
39_glitch_motion_01,1324,PFS,0,1
39_glitch_motion_01,1324,PSP,0,1
39_glitch_motion_01,1324,PHP,0,1
11_fireworks_03,270,PSP,1,0
45_stage_lights_02,130,PHR,1,0
45_stage_lights_02,130,PFS,1,0
39_glitch_motion_01,1154,PFS,0,1
7_glitch_lines,248,PHF,1,0
7_glitch_lines,248,PS,1,0
7_glitch_lines,248,PHP,0,1
17_flikering_lights,757,PHF,1,0
17_flikering_lights,757,PFS,1,0
4_clublights_02,260,PSP,0,1
9_fireworks_01,203,PFS,1,0
9_fireworks_01,203,PSP,0,1
9_fireworks_01,203,PHP,0,1
39_glitch_motion_01,1007,PHF,1,0
39_glitch_motion_01,1007,PS,1,0
25_lightning,165,flash,1,0
39_glitch_motion_01,163,PHF,0,1
39_glitch_motion_01,163,PS,0,1
39_glitch_motion_01,163,PSP,0,1
45_stage_lights_02,263,PHF,1,0
45_stage_lights_02,263,PFS,1,0
45_stage_lights_02,263,PS,1,0
45_stage_lights_02,263,flash,1,0
44_light_tunnel_03,604,PHF,1,0
44_light_tunnel_03,604,PS,1,0
43_light_tunnel_02,214,PHF,0,1
43_light_tunnel_02,214,PS,0,1
44_light_tunnel_03,316,PHP,0,1
17_flikering_lights,1448,PFS,0,1
17_flikering_lights,1448,flash,0,1
46_stage_lights_03,504,PHF,1,0
46_stage_lights_03,504,PS,1,0
39_glitch_motion_01,1612,PHF,0,1
39_glitch_motion_01,1612,PS,0,1
39_glitch_motion_01,1612,PSP,1,0
39_glitch_motion_01,1612,PHP,1,0
12_driving_01,216,PFS,1,0
39_glitch_motion_01,883,PHF,1,0
39_glitch_motion_01,883,PFS,0,1
39_glitch_motion_01,393,PFS,1,0
39_glitch_motion_01,393,PSP,0,1
34_patrol_lights,18,PHP,1,0
46_stage_lights_03,779,PSP,1,0
46_stage_lights_03,779,PHP,1,0
4_clublights_02,612,PHP,0,1
23_flickering_light,19,PHF,0,1
24_flickiering_light,130,PSP,1,0
24_flickiering_light,130,PHP,1,0
17_flikering_lights,407,PFS,1,0
17_flikering_lights,407,PS,1,0
17_flikering_lights,407,flash,1,0
44_light_tunnel_03,605,PSP,0,1
1_subway,384,PFS,1,0
1_subway,384,PSP,1,0
1_subway,384,PHP,1,0
14_driving_03,0,PHF,1,0
47_spinning_lights,242,PHF,0,1
47_spinning_lights,242,PS,0,1
39_glitch_motion_01,194,PHF,1,0
39_glitch_motion_01,194,PS,1,0
17_flikering_lights,790,PFS,0,1
11_fireworks_03,1702,PSP,0,1
39_glitch_motion_01,1527,PFS,1,0
39_glitch_motion_01,584,PFS,1,0
1_subway,364,PFS,1,0
45_stage_lights_02,363,PHF,1,0
14_driving_03,449,PHF,0,1
14_driving_03,449,PHR,1,0
17_flikering_lights,134,PHR,1,0
8_fast_lines,7,flash,0,1
46_stage_lights_03,738,pattern,0,1
39_glitch_motion_01,533,PHF,1,0
39_glitch_motion_01,533,PSP,0,1
39_glitch_motion_01,533,PHP,0,1
9_fireworks_01,515,PHF,0,1
9_fireworks_01,515,PS,0,1
9_fireworks_01,515,PSP,0,1
40_glitch_motion_02,80,PS,1,0
40_glitch_motion_02,80,PSP,1,0
43_light_tunnel_02,271,PHP,0,1
40_glitch_motion_02,61,PSP,1,0
40_glitch_motion_02,61,PHP,1,0
46_stage_lights_03,556,pattern,0,1
1_subway,128,PHF,0,1
14_driving_03,419,PHR,1,0
47_spinning_lights,349,PHP,0,1
14_driving_03,420,PHR,1,0
14_driving_03,420,PS,1,0
14_driving_03,420,flash,1,0
9_fireworks_01,5,PHF,1,0
9_fireworks_01,5,PS,1,0
33_flash_burst,365,PSP,0,1
44_light_tunnel_03,592,PHP,1,0
39_glitch_motion_01,1106,PHF,1,0
39_glitch_motion_01,1106,PS,1,0
43_light_tunnel_02,231,PHF,0,1
43_light_tunnel_02,231,PSP,0,1
43_light_tunnel_02,231,PHP,0,1
39_glitch_motion_01,1013,PS,1,0
39_glitch_motion_01,1013,PSP,1,0
39_glitch_motion_01,1013,PHP,1,0
30_flash,207,PSP,0,1
9_fireworks_01,164,PSP,1,0
9_fireworks_01,164,PHP,1,0
39_glitch_motion_01,1677,PHF,1,0
24_flickiering_light,365,PSP,0,1
24_flickiering_light,365,PHP,0,1
49_light_tunnel_04,175,PHF,0,1
49_light_tunnel_04,175,PS,0,1
46_stage_lights_03,288,PHF,1,0
46_stage_lights_03,288,flash,1,0
1_subway,156,PSP,1,0
1_subway,156,PHP,1,0
13_driving_02,1,PS,0,1
13_driving_02,1,flash,0,1
4_clublights_02,534,PHP,1,0
46_stage_lights_03,818,PHP,1,0
46_stage_lights_03,1079,PSP,1,0
39_glitch_motion_01,1223,PHF,1,0
39_glitch_motion_01,1223,PS,1,0
27_lightning,379,PHF,1,0
27_lightning,379,PS,1,0
12_driving_01,53,PHR,1,0
14_driving_03,435,PHR,1,0
49_light_tunnel_04,73,PHF,1,0
49_light_tunnel_04,73,PS,1,0
9_fireworks_01,294,PSP,1,0
9_fireworks_01,294,PHP,1,0
4_clublights_02,8,PHP,1,0
39_glitch_motion_01,1490,PHF,1,0
39_glitch_motion_01,1490,PS,1,0
39_glitch_motion_01,1490,PSP,1,0
11_fireworks_03,1743,PHF,1,0
11_fireworks_03,1743,PS,1,0
9_fireworks_01,148,PSP,0,1
9_fireworks_01,148,PHP,0,1
39_glitch_motion_01,1334,PHF,0,1
39_glitch_motion_01,1334,PFS,0,1
39_glitch_motion_01,1334,PS,0,1
9_fireworks_01,828,PHF,1,0
9_fireworks_01,828,PFS,1,0
9_fireworks_01,828,PS,1,0
39_glitch_motion_01,1169,PHF,1,0
39_glitch_motion_01,1169,PS,1,0
39_glitch_motion_01,1169,PSP,1,0
39_glitch_motion_01,1169,PHP,1,0
43_light_tunnel_02,31,PHF,1,0
43_light_tunnel_02,31,PS,1,0
10_fireworks_02,54,PHF,1,0
10_fireworks_02,54,PFS,1,0
10_fireworks_02,54,PS,1,0
10_fireworks_02,54,flash,0,1
33_flash_burst,370,PSP,1,0
46_stage_lights_03,1216,PHF,1,0
46_stage_lights_03,1216,PS,1,0
30_flash,156,PSP,1,0
43_light_tunnel_02,34,PFS,1,0
43_light_tunnel_02,34,PHP,1,0
11_fireworks_03,348,PSP,1,0
46_stage_lights_03,1236,PHP,0,1
9_fireworks_01,81,PSP,0,1
17_flikering_lights,523,PHF,0,1
48_stage_lights_04,61,PFS,1,0
48_stage_lights_04,61,pattern,1,0
12_driving_01,219,PFS,1,0
46_stage_lights_03,269,PHF,0,1
46_stage_lights_03,269,PS,0,1
46_stage_lights_03,269,flash,0,1
39_glitch_motion_01,1364,PFS,1,0
49_light_tunnel_04,216,PFS,1,0
49_light_tunnel_04,216,PS,1,0
11_fireworks_03,26,PSP,1,0
9_fireworks_01,350,PSP,1,0
9_fireworks_01,350,PHP,1,0
39_glitch_motion_01,566,PHF,0,1
39_glitch_motion_01,566,PFS,0,1
47_spinning_lights,89,PSP,0,1
47_spinning_lights,89,PHP,0,1
46_stage_lights_03,778,PSP,1,0
46_stage_lights_03,778,PHP,1,0
47_spinning_lights,215,PSP,0,1
47_spinning_lights,215,PHP,0,1
47_spinning_lights,72,PHF,0,1
47_spinning_lights,72,PFS,0,1
47_spinning_lights,72,PS,0,1
17_flikering_lights,104,PHR,0,1
17_flikering_lights,104,flash,1,0
24_flickiering_light,294,PHP,1,0
46_stage_lights_03,1124,PSP,1,0
9_fireworks_01,832,PHF,0,1
9_fireworks_01,832,PS,0,1
39_glitch_motion_01,846,PHF,1,0
39_glitch_motion_01,846,PS,1,0
6_red_blue_lights,40,PS,1,0
43_light_tunnel_02,265,PHP,0,1
12_driving_01,137,PHR,1,0
39_glitch_motion_01,373,PHF,0,1
39_glitch_motion_01,373,PS,0,1
39_glitch_motion_01,1686,PFS,1,0
46_stage_lights_03,370,PHF,0,1
46_stage_lights_03,370,PS,0,1
46_stage_lights_03,370,flash,1,0
9_fireworks_01,192,PFS,1,0
23_flickering_light,44,PHF,1,0
23_flickering_light,44,PS,1,0
44_light_tunnel_03,88,PHF,1,0
44_light_tunnel_03,88,PS,1,0
45_stage_lights_02,418,PHF,1,0
45_stage_lights_02,418,PFS,1,0
45_stage_lights_02,418,PS,1,0
46_stage_lights_03,166,PSP,1,0
46_stage_lights_03,503,PHF,1,0
46_stage_lights_03,503,PS,1,0
46_stage_lights_03,503,PSP,1,0
46_stage_lights_03,503,PHP,1,0
39_glitch_motion_01,881,PFS,0,1
46_stage_lights_03,802,PFS,1,0
17_flikering_lights,1064,PFS,1,0
46_stage_lights_03,707,PS,0,1
46_stage_lights_03,707,pattern,0,1
7_glitch_lines,143,PHP,1,0
24_flickiering_light,381,PHP,0,1
9_fireworks_01,587,PSP,1,0
9_fireworks_01,587,PHP,1,0
44_light_tunnel_03,750,PHF,0,1
44_light_tunnel_03,750,PS,0,1
17_flikering_lights,340,PFS,1,0
9_fireworks_01,776,PHF,1,0
9_fireworks_01,776,PS,1,0
30_flash,215,PSP,0,1
8_fast_lines,92,flash,0,1
40_glitch_motion_02,66,PHR,1,0
40_glitch_motion_02,66,PS,1,0
40_glitch_motion_02,66,PSP,0,1
50_light_tunnel_05,239,PHP,0,1
9_fireworks_01,493,PHF,0,1
9_fireworks_01,493,PS,0,1
17_flikering_lights,1140,PFS,0,1
17_flikering_lights,59,flash,1,0
46_stage_lights_03,20,PSP,0,1
17_flikering_lights,179,PFS,0,1
17_flikering_lights,179,flash,1,0
40_glitch_motion_02,95,PHF,0,1
47_spinning_lights,181,PSP,0,1
47_spinning_lights,181,PHP,0,1
39_glitch_motion_01,1755,PHF,1,0
39_glitch_motion_01,1755,PS,1,0
17_flikering_lights,547,PFS,0,1
9_fireworks_01,234,PFS,1,0
9_fireworks_01,234,PSP,0,1
30_flash,245,PSP,0,1
34_patrol_lights,14,PHP,1,0
17_flikering_lights,897,PFS,1,0
12_driving_01,168,PHR,1,0
39_glitch_motion_01,1432,PSP,0,1
39_glitch_motion_01,1432,PHP,0,1
12_driving_01,122,PS,0,1
34_patrol_lights,66,PSP,0,1
9_fireworks_01,178,PHP,1,0
39_glitch_motion_01,1366,PFS,1,0
39_glitch_motion_01,1366,PS,1,0
46_stage_lights_03,132,PHF,0,1
46_stage_lights_03,132,PS,0,1
24_flickiering_light,195,PSP,1,0
24_flickiering_light,195,PHP,1,0
6_red_blue_lights,39,PS,1,0
9_fireworks_01,182,PHP,1,0
30_flash,322,PHP,1,0
39_glitch_motion_01,317,PFS,0,1
46_stage_lights_03,1137,PHP,1,0
17_flikering_lights,133,PHR,1,0
17_flikering_lights,133,PS,1,0
39_glitch_motion_01,135,PFS,0,1
4_clublights_02,203,PSP,0,1
4_clublights_02,203,PHP,0,1
4_clublights_02,203,flash,1,0
48_stage_lights_04,131,PHP,1,0
45_stage_lights_02,219,PSP,0,1
6_red_blue_lights,66,PHR,1,0
6_red_blue_lights,66,PS,1,0
39_glitch_motion_01,1258,PHF,0,1
39_glitch_motion_01,1258,PS,0,1
17_flikering_lights,744,PS,0,1
5_firetruck_flash,123,PHF,0,1
4_clublights_02,521,PHF,1,0
4_clublights_02,521,PFS,1,0
4_clublights_02,521,PHP,0,1
9_fireworks_01,637,PFS,1,0
43_light_tunnel_02,270,PHF,0,1
43_light_tunnel_02,270,PS,0,1
43_light_tunnel_02,270,PHP,0,1
39_glitch_motion_01,14,PSP,1,0
39_glitch_motion_01,14,PHP,1,0
44_light_tunnel_03,772,PS,0,1
38_riot_fire,281,PHF,1,0
38_riot_fire,281,PFS,1,0
44_light_tunnel_03,707,PHP,1,0
48_stage_lights_04,25,PFS,1,0
46_stage_lights_03,309,PFS,1,0
30_flash,292,PHP,1,0
46_stage_lights_03,131,PSP,1,0
46_stage_lights_03,131,PHP,1,0
17_flikering_lights,190,PFS,1,0
17_flikering_lights,190,flash,1,0
39_glitch_motion_01,582,PHF,1,0
39_glitch_motion_01,582,PS,1,0
39_glitch_motion_01,1430,PSP,0,1
39_glitch_motion_01,1430,PHP,0,1
17_flikering_lights,110,flash,1,0
44_light_tunnel_03,763,PHP,0,1
46_stage_lights_03,252,PSP,1,0
46_stage_lights_03,252,PHP,1,0
8_fast_lines,167,flash,1,0
46_stage_lights_03,1218,flash,0,1
30_flash,157,PSP,1,0
49_light_tunnel_04,102,PHP,0,1
12_driving_01,143,PHF,1,0
39_glitch_motion_01,920,PHF,1,0
39_glitch_motion_01,920,PFS,0,1
40_glitch_motion_02,54,PSP,1,0
47_spinning_lights,346,PFS,0,1
47_spinning_lights,346,PSP,0,1
47_spinning_lights,346,PHP,0,1
48_stage_lights_04,83,PSP,1,0
48_stage_lights_04,83,PHP,1,0
43_light_tunnel_02,35,PFS,1,0
43_light_tunnel_02,35,PHP,0,1
4_clublights_02,472,PHR,0,1
4_clublights_02,472,PHP,0,1
27_lightning,328,PHF,1,0
27_lightning,328,PS,1,0
24_flickiering_light,480,PSP,0,1
24_flickiering_light,480,PHP,0,1
46_stage_lights_03,1189,flash,0,1
25_lightning,253,flash,0,1
17_flikering_lights,308,flash,1,0
9_fireworks_01,383,PFS,1,0
39_glitch_motion_01,1810,PHF,1,0
39_glitch_motion_01,1810,PFS,0,1
39_glitch_motion_01,1810,PS,1,0
39_glitch_motion_01,1810,PSP,0,1
39_glitch_motion_01,1810,PHP,0,1
9_fireworks_01,138,PFS,0,1
46_stage_lights_03,569,PFS,0,1
4_clublights_02,743,PSP,0,1
4_clublights_02,743,PHP,0,1
39_glitch_motion_01,1622,PS,0,1
4_clublights_02,576,PHP,1,0
50_light_tunnel_05,36,PHP,0,1
4_clublights_02,35,PHF,1,0
39_glitch_motion_01,441,PHF,1,0
39_glitch_motion_01,441,PS,1,0
12_driving_01,224,PHF,1,0
12_driving_01,224,PFS,1,0
12_driving_01,224,PS,1,0
39_glitch_motion_01,560,PS,1,0
39_glitch_motion_01,560,PSP,0,1
39_glitch_motion_01,560,PHP,0,1
9_fireworks_01,65,PSP,1,0
9_fireworks_01,65,PHP,1,0
13_driving_02,24,PHF,0,1
13_driving_02,24,PHR,1,0
33_flash_burst,490,PSP,1,0
10_fireworks_02,59,PHF,1,0
10_fireworks_02,59,PFS,1,0
10_fireworks_02,59,PS,1,0
10_fireworks_02,59,flash,1,0
39_glitch_motion_01,1765,PFS,0,1
8_fast_lines,34,flash,0,1
39_glitch_motion_01,1100,PHF,1,0
39_glitch_motion_01,1100,PS,1,0
17_flikering_lights,645,PFS,1,0
39_glitch_motion_01,1750,PS,0,1
39_glitch_motion_01,1750,PSP,1,0
46_stage_lights_03,316,PHF,1,0
46_stage_lights_03,316,PS,1,0
46_stage_lights_03,316,PSP,1,0
46_stage_lights_03,316,PHP,1,0
34_patrol_lights,186,PHP,1,0
46_stage_lights_03,718,PSP,1,0
46_stage_lights_03,718,PHP,1,0
46_stage_lights_03,718,pattern,1,0
9_fireworks_01,227,PFS,1,0
9_fireworks_01,227,PSP,1,0
9_fireworks_01,227,PHP,1,0
9_fireworks_01,194,PSP,0,1
9_fireworks_01,194,PHP,0,1
24_flickiering_light,371,PSP,0,1
24_flickiering_light,371,PHP,0,1
12_driving_01,191,PHR,0,1
12_driving_01,191,PS,0,1
9_fireworks_01,405,PHF,0,1
9_fireworks_01,405,PFS,1,0
9_fireworks_01,405,PS,0,1
1_subway,467,PFS,1,0
46_stage_lights_03,277,PFS,1,0
9_fireworks_01,223,PHF,1,0
9_fireworks_01,223,PS,1,0
44_light_tunnel_03,807,PHP,1,0
44_light_tunnel_03,244,PHP,1,0
4_clublights_02,242,PHP,0,1
36_bomb_01,261,flash,1,0
12_driving_01,158,PHR,0,1
43_light_tunnel_02,202,PHF,1,0
43_light_tunnel_02,202,PFS,1,0
43_light_tunnel_02,202,PS,1,0
6_red_blue_lights,71,PHR,1,0
6_red_blue_lights,71,PS,1,0
47_spinning_lights,235,PSP,0,1
47_spinning_lights,235,PHP,0,1
39_glitch_motion_01,1230,PHF,0,1
39_glitch_motion_01,90,PHP,1,0
4_clublights_02,530,PSP,0,1
46_stage_lights_03,1395,PHP,1,0
9_fireworks_01,503,PS,0,1
13_driving_02,42,PFS,1,0
46_stage_lights_03,1270,PHF,0,1
41_light_tunnel_01,61,PHP,1,0
6_red_blue_lights,32,PHR,1,0
6_red_blue_lights,32,PS,1,0
5_firetruck_flash,234,pattern,1,0
6_red_blue_lights,70,PHR,1,0
6_red_blue_lights,70,PS,1,0
17_flikering_lights,120,PFS,1,0
17_flikering_lights,120,flash,1,0
9_fireworks_01,323,PFS,1,0
9_fireworks_01,323,PS,1,0
9_fireworks_01,307,PHF,0,1
9_fireworks_01,307,PS,0,1
17_flikering_lights,290,flash,1,0
11_fireworks_03,487,PHF,1,0
11_fireworks_03,487,PS,1,0
44_light_tunnel_03,332,PHP,1,0
46_stage_lights_03,720,PHF,1,0
46_stage_lights_03,720,PS,1,0
46_stage_lights_03,720,PSP,1,0
46_stage_lights_03,720,PHP,1,0
46_stage_lights_03,720,pattern,1,0
39_glitch_motion_01,483,PSP,1,0
39_glitch_motion_01,483,PHP,1,0
46_stage_lights_03,630,PHF,1,0
46_stage_lights_03,630,PS,1,0
46_stage_lights_03,630,PSP,1,0
46_stage_lights_03,630,PHP,1,0
14_driving_03,416,PHR,1,0
18_fast_moving_people,109,PHF,1,0
18_fast_moving_people,109,pattern,1,0
39_glitch_motion_01,924,PFS,0,1
39_glitch_motion_01,924,PSP,1,0
39_glitch_motion_01,924,PHP,1,0
6_red_blue_lights,51,PS,1,0
4_clublights_02,516,PHP,1,0
39_glitch_motion_01,19,PS,1,0
1_subway,347,PHF,1,0
1_subway,347,PS,1,0
1_subway,347,PSP,1,0
1_subway,347,PHP,1,0
44_light_tunnel_03,120,PS,1,0
30_flash,144,PSP,0,1
44_light_tunnel_03,333,PHP,1,0
11_fireworks_03,852,PHF,1,0
11_fireworks_03,852,PS,1,0
11_fireworks_03,852,PSP,1,0
11_fireworks_03,852,flash,1,0
43_light_tunnel_02,266,PHP,0,1
4_clublights_02,29,PHF,1,0
4_clublights_02,29,PS,1,0
17_flikering_lights,644,PFS,1,0
47_spinning_lights,342,PHF,0,1
47_spinning_lights,342,PFS,0,1
47_spinning_lights,342,PS,0,1
47_spinning_lights,342,PHP,0,1
39_glitch_motion_01,1596,PFS,0,1
39_glitch_motion_01,1596,PS,0,1
17_flikering_lights,820,PFS,1,0
17_flikering_lights,171,PFS,0,1
17_flikering_lights,171,PS,1,0
39_glitch_motion_01,166,PFS,0,1
39_glitch_motion_01,166,PSP,0,1
39_glitch_motion_01,166,PHP,0,1
14_driving_03,135,PFS,1,0
46_stage_lights_03,299,PFS,1,0
12_driving_01,44,PHF,1,0
12_driving_01,44,PFS,1,0
12_driving_01,44,PS,1,0
12_driving_01,105,PHF,1,0
12_driving_01,105,PFS,1,0
12_driving_01,105,PS,1,0
17_flikering_lights,707,PHF,1,0
17_flikering_lights,707,PS,1,0
18_fast_moving_people,110,PHF,1,0
29_pattern,4,PHF,1,0
29_pattern,4,PS,1,0
29_pattern,4,PSP,0,1
9_fireworks_01,271,PSP,1,0
9_fireworks_01,271,PHP,1,0
1_subway,270,PSP,1,0
1_subway,270,PHP,1,0
9_fireworks_01,24,PHF,1,0
9_fireworks_01,24,PFS,1,0
9_fireworks_01,24,PS,1,0
24_flickiering_light,66,PHP,0,1
1_subway,466,PHF,1,0
1_subway,466,PFS,1,0
1_subway,466,PS,1,0
1_subway,466,flash,0,1
1_subway,466,pattern,1,0
46_stage_lights_03,631,PHF,1,0
46_stage_lights_03,631,PS,1,0
46_stage_lights_03,631,PHP,1,0
11_fireworks_03,1535,flash,0,1
14_driving_03,434,PHF,1,0
14_driving_03,434,flash,1,0
47_spinning_lights,71,PHF,0,1
47_spinning_lights,71,PFS,0,1
47_spinning_lights,71,PS,0,1
9_fireworks_01,466,PFS,0,1
10_fireworks_02,31,PHF,1,0
10_fireworks_02,31,PS,1,0
25_lightning,216,flash,0,1
39_glitch_motion_01,13,PHF,1,0
39_glitch_motion_01,13,PSP,0,1
39_glitch_motion_01,13,PHP,0,1
39_glitch_motion_01,1353,PS,1,0
39_glitch_motion_01,696,PSP,1,0
39_glitch_motion_01,696,PHP,1,0
41_light_tunnel_01,125,PHP,0,1
39_glitch_motion_01,885,PHF,0,1
39_glitch_motion_01,885,PFS,0,1
39_glitch_motion_01,885,PS,0,1
45_stage_lights_02,270,PHF,1,0
45_stage_lights_02,270,PFS,1,0
45_stage_lights_02,270,PS,1,0
39_glitch_motion_01,661,PHF,1,0
39_glitch_motion_01,661,PS,1,0
6_red_blue_lights,341,PHR,1,0
6_red_blue_lights,341,PS,1,0
45_stage_lights_02,341,PS,0,1
14_driving_03,239,PS,1,0
44_light_tunnel_03,686,PS,1,0
44_light_tunnel_03,686,PHP,0,1
6_red_blue_lights,63,PS,1,0
46_stage_lights_03,1061,PHF,1,0
46_stage_lights_03,1061,PS,1,0
17_flikering_lights,1368,PFS,1,0
39_glitch_motion_01,1688,PS,0,1
46_stage_lights_03,543,PFS,1,0
46_stage_lights_03,543,PSP,1,0
46_stage_lights_03,543,PHP,1,0
8_fast_lines,56,flash,1,0
9_fireworks_01,854,PHF,1,0
9_fireworks_01,854,PS,1,0
9_fireworks_01,854,PSP,1,0
6_red_blue_lights,50,PHR,1,0
6_red_blue_lights,50,PS,1,0
9_fireworks_01,25,PFS,1,0
4_clublights_02,747,PHP,0,1
1_subway,237,flash,1,0
24_flickiering_light,379,PSP,0,1
1_subway,429,PFS,1,0
8_fast_lines,46,flash,0,1
17_flikering_lights,1332,PHR,1,0
17_flikering_lights,1332,PS,1,0
4_clublights_02,718,PHF,1,0
12_driving_01,81,PHR,1,0
11_fireworks_03,1265,PHF,1,0
11_fireworks_03,1265,PS,1,0
12_driving_01,183,PS,0,1
30_flash,335,PSP,0,1
47_spinning_lights,316,PSP,0,1
47_spinning_lights,316,PHP,0,1
44_light_tunnel_03,660,PHF,0,1
44_light_tunnel_03,660,PS,0,1
17_flikering_lights,71,flash,1,0
44_light_tunnel_03,183,PHP,0,1
9_fireworks_01,431,PHF,1,0
25_lightning,252,flash,0,1
39_glitch_motion_01,1054,PHF,0,1
39_glitch_motion_01,1054,PFS,0,1
39_glitch_motion_01,1054,PS,0,1
39_glitch_motion_01,1054,PSP,1,0
39_glitch_motion_01,1054,PHP,1,0
39_glitch_motion_01,831,PHF,0,1
39_glitch_motion_01,831,PS,0,1
23_flickering_light,48,PHF,1,0
23_flickering_light,48,PS,1,0
9_fireworks_01,90,PHF,1,0
9_fireworks_01,90,PS,1,0
9_fireworks_01,90,PHP,1,0
46_stage_lights_03,1035,PSP,1,0
46_stage_lights_03,1035,PHP,1,0
11_fireworks_03,71,PSP,0,1
45_stage_lights_02,182,PSP,1,0
45_stage_lights_02,182,PHP,1,0
17_flikering_lights,1001,PFS,1,0
7_glitch_lines,114,PSP,0,1
46_stage_lights_03,1390,PHP,1,0
39_glitch_motion_01,26,PHP,1,0
17_flikering_lights,1242,PHF,0,1
17_flikering_lights,1242,PS,0,1
9_fireworks_01,139,PHF,1,0
9_fireworks_01,139,PS,1,0
9_fireworks_01,349,PSP,1,0
6_red_blue_lights,95,PHF,1,0
6_red_blue_lights,95,PS,1,0
9_fireworks_01,215,PS,0,1
39_glitch_motion_01,1516,PHF,0,1
39_glitch_motion_01,1516,PFS,0,1
39_glitch_motion_01,1516,PS,0,1
39_glitch_motion_01,1516,PSP,1,0
46_stage_lights_03,1392,PSP,0,1
39_glitch_motion_01,1540,PFS,0,1
13_driving_02,11,PHF,1,0
13_driving_02,11,PS,1,0
13_driving_02,11,flash,0,1
24_flickiering_light,180,PSP,1,0
24_flickiering_light,180,PHP,1,0
7_glitch_lines,27,PSP,0,1
8_fast_lines,20,flash,0,1
9_fireworks_01,325,PFS,1,0
9_fireworks_01,325,PSP,1,0
9_fireworks_01,325,PHP,1,0
4_clublights_02,563,PHF,1,0
4_clublights_02,563,PS,1,0
1_subway,210,PFS,1,0
1_subway,210,PS,1,0
4_clublights_02,132,PHP,0,1
46_stage_lights_03,794,PSP,0,1
39_glitch_motion_01,1220,PHF,0,1
39_glitch_motion_01,1220,PS,0,1
39_glitch_motion_01,539,PHF,0,1
39_glitch_motion_01,539,PS,0,1
39_glitch_motion_01,1422,PHF,0,1
39_glitch_motion_01,1422,PS,0,1
39_glitch_motion_01,1422,PSP,0,1
39_glitch_motion_01,1422,PHP,0,1
47_spinning_lights,334,PSP,0,1
47_spinning_lights,334,PHP,0,1
44_light_tunnel_03,711,PHP,1,0
17_flikering_lights,520,PHF,0,1
17_flikering_lights,520,PS,0,1
39_glitch_motion_01,1348,PHR,1,0
49_light_tunnel_04,152,PFS,0,1
39_glitch_motion_01,231,PHP,0,1
9_fireworks_01,388,PFS,1,0
9_fireworks_01,373,PHP,0,1
34_patrol_lights,11,PHP,1,0
39_glitch_motion_01,590,PFS,0,1
39_glitch_motion_01,590,PS,0,1
43_light_tunnel_02,139,PHF,0,1
9_fireworks_01,525,PHF,1,0
9_fireworks_01,525,PS,1,0
9_fireworks_01,303,PFS,1,0
9_fireworks_01,303,PSP,0,1
44_light_tunnel_03,502,PFS,1,0
44_light_tunnel_03,502,PHP,1,0
9_fireworks_01,428,PSP,0,1
9_fireworks_01,428,PHP,0,1
4_clublights_02,680,PSP,0,1
39_glitch_motion_01,22,PFS,0,1
39_glitch_motion_01,22,PS,0,1
39_glitch_motion_01,22,PSP,1,0
39_glitch_motion_01,22,PHP,1,0
1_subway,305,flash,0,1
1_subway,161,PHF,1,0
1_subway,161,PFS,0,1
1_subway,161,PS,1,0
1_subway,161,PSP,1,0
1_subway,161,PHP,1,0
47_spinning_lights,81,PHF,0,1
47_spinning_lights,81,PS,0,1
49_light_tunnel_04,222,PHF,1,0
39_glitch_motion_01,227,PHF,0,1
39_glitch_motion_01,227,PS,0,1
39_glitch_motion_01,227,PSP,1,0
39_glitch_motion_01,227,PHP,1,0
44_light_tunnel_03,495,PHF,0,1
44_light_tunnel_03,495,PS,0,1
45_stage_lights_02,41,PS,0,1
43_light_tunnel_02,178,PHP,0,1
17_flikering_lights,173,PFS,0,1
17_flikering_lights,173,flash,1,0
9_fireworks_01,23,PFS,1,0
46_stage_lights_03,480,PHF,1,0
46_stage_lights_03,480,PS,1,0
46_stage_lights_03,480,flash,1,0
17_flikering_lights,73,PS,1,0
39_glitch_motion_01,160,PS,0,1
39_glitch_motion_01,489,PSP,1,0
39_glitch_motion_01,489,PHP,1,0
9_fireworks_01,281,PHF,1,0
9_fireworks_01,281,PS,1,0
9_fireworks_01,281,PSP,0,1
9_fireworks_01,281,PHP,0,1
39_glitch_motion_01,1194,PFS,0,1
47_spinning_lights,42,PHF,0,1
47_spinning_lights,42,PS,0,1
39_glitch_motion_01,1217,PHF,1,0
39_glitch_motion_01,1217,PS,1,0
39_glitch_motion_01,1578,PHF,1,0
44_light_tunnel_03,464,PHF,1,0
44_light_tunnel_03,464,PS,1,0
44_light_tunnel_03,464,PHP,0,1
46_stage_lights_03,1338,PSP,1,0
44_light_tunnel_03,594,PHF,1,0
44_light_tunnel_03,594,PS,1,0
9_fireworks_01,547,PS,1,0
9_fireworks_01,547,PSP,1,0
9_fireworks_01,547,PHP,1,0
29_pattern,38,PHP,1,0
39_glitch_motion_01,1766,PFS,0,1
39_glitch_motion_01,933,PHF,0,1
39_glitch_motion_01,933,PS,0,1
46_stage_lights_03,1228,PSP,1,0
46_stage_lights_03,1228,PHP,1,0
47_spinning_lights,327,PHF,1,0
47_spinning_lights,327,PS,1,0
27_lightning,233,PHF,0,1
27_lightning,233,PS,0,1
4_clublights_02,518,PHP,1,0
46_stage_lights_03,1110,PFS,1,0
46_stage_lights_03,1110,PHP,1,0
39_glitch_motion_01,1485,PHF,1,0
39_glitch_motion_01,1485,PFS,0,1
39_glitch_motion_01,1485,PHP,1,0
43_light_tunnel_02,180,PHF,1,0
43_light_tunnel_02,180,PS,1,0
17_flikering_lights,1206,PHR,0,1
39_glitch_motion_01,1183,PHF,0,1
39_glitch_motion_01,1183,PS,0,1
11_fireworks_03,710,PSP,1,0
41_light_tunnel_01,77,PHP,1,0
39_glitch_motion_01,605,PHP,1,0
17_flikering_lights,580,PFS,1,0
1_subway,187,PFS,1,0
49_light_tunnel_04,252,PHP,0,1
46_stage_lights_03,787,PSP,0,1
39_glitch_motion_01,1057,PFS,0,1
1_subway,15,flash,0,1
17_flikering_lights,1443,PFS,0,1
39_glitch_motion_01,682,PHF,1,0
39_glitch_motion_01,682,PS,1,0
4_clublights_02,93,PHP,1,0
30_flash,176,PSP,0,1
39_glitch_motion_01,1805,PFS,0,1
39_glitch_motion_01,1805,PS,1,0
39_glitch_motion_01,1805,PSP,0,1
39_glitch_motion_01,1805,PHP,0,1
18_fast_moving_people,121,PHF,1,0
39_glitch_motion_01,882,PFS,0,1
39_glitch_motion_01,882,PSP,1,0
39_glitch_motion_01,882,PHP,1,0
44_light_tunnel_03,822,PHF,1,0
44_light_tunnel_03,822,PS,1,0
5_firetruck_flash,113,flash,1,0
4_clublights_02,623,PHP,0,1
46_stage_lights_03,381,PSP,1,0
46_stage_lights_03,381,PHP,1,0
46_stage_lights_03,381,flash,1,0
46_stage_lights_03,381,pattern,1,0
5_firetruck_flash,231,PSP,1,0
5_firetruck_flash,231,PHP,1,0
5_firetruck_flash,231,flash,1,0
43_light_tunnel_02,132,PHF,0,1
43_light_tunnel_02,132,PFS,0,1
43_light_tunnel_02,132,PS,0,1
40_glitch_motion_02,103,PHR,1,0
39_glitch_motion_01,588,PHF,1,0
39_glitch_motion_01,588,PS,1,0
14_driving_03,422,PHR,1,0
40_glitch_motion_02,275,PSP,1,0
40_glitch_motion_02,275,PHP,1,0
49_light_tunnel_04,2,PFS,0,1
39_glitch_motion_01,261,PHF,1,0
39_glitch_motion_01,261,PS,1,0
39_glitch_motion_01,261,PSP,0,1
39_glitch_motion_01,261,PHP,0,1
17_flikering_lights,1063,PHR,0,1
17_flikering_lights,532,PFS,0,1
17_flikering_lights,488,PHR,1,0
30_flash,237,PSP,0,1
46_stage_lights_03,90,PSP,0,1
37_bomb_02,16,PHF,1,0
37_bomb_02,16,PS,1,0
37_bomb_02,16,flash,1,0
39_glitch_motion_01,137,PFS,0,1
39_glitch_motion_01,137,PSP,1,0
39_glitch_motion_01,137,PHP,1,0
39_glitch_motion_01,1811,PHF,0,1
39_glitch_motion_01,1811,PFS,0,1
39_glitch_motion_01,1811,PS,0,1
39_glitch_motion_01,1811,PSP,0,1
39_glitch_motion_01,1811,PHP,0,1
39_glitch_motion_01,1811,flash,0,1
39_glitch_motion_01,1811,pattern,0,1
44_light_tunnel_03,325,PFS,0,1
11_fireworks_03,1302,PHF,0,1
11_fireworks_03,1302,PS,0,1
24_flickiering_light,421,PSP,1,0
24_flickiering_light,421,PHP,1,0
11_fireworks_03,1563,flash,0,1
1_subway,108,PFS,1,0
14_driving_03,380,PHF,1,0
14_driving_03,380,PS,1,0
14_driving_03,380,pattern,0,1
39_glitch_motion_01,1314,PSP,1,0
39_glitch_motion_01,902,PHF,0,1
39_glitch_motion_01,902,PS,0,1
30_flash,254,PSP,0,1
30_flash,254,pattern,1,0
43_light_tunnel_02,48,PHF,1,0
43_light_tunnel_02,48,PFS,1,0
43_light_tunnel_02,48,PS,1,0
43_light_tunnel_02,147,PHF,0,1
43_light_tunnel_02,147,PFS,1,0
49_light_tunnel_04,256,PHF,0,1
49_light_tunnel_04,256,PS,0,1
47_spinning_lights,303,PFS,1,0
11_fireworks_03,105,flash,0,1
24_flickiering_light,194,PSP,1,0
24_flickiering_light,194,PHP,1,0
1_subway,83,PFS,0,1
38_riot_fire,294,PFS,0,1
1_subway,35,PHF,0,1
39_glitch_motion_01,954,PHF,1,0
39_glitch_motion_01,954,PS,1,0
45_stage_lights_02,136,PS,1,0
43_light_tunnel_02,63,PS,1,0
17_flikering_lights,62,PFS,1,0
17_flikering_lights,62,flash,1,0
4_clublights_02,492,PHF,1,0
4_clublights_02,492,PS,1,0
4_clublights_02,492,flash,1,0
33_flash_burst,382,PHP,1,0
43_light_tunnel_02,255,PHF,1,0
43_light_tunnel_02,255,PS,1,0
43_light_tunnel_02,255,PHP,0,1
9_fireworks_01,30,PFS,1,0
9_fireworks_01,293,PS,0,1
9_fireworks_01,293,PSP,0,1
46_stage_lights_03,780,PSP,1,0
46_stage_lights_03,780,PHP,1,0
49_light_tunnel_04,191,PFS,1,0
9_fireworks_01,432,PSP,1,0
40_glitch_motion_02,532,PSP,1,0
17_flikering_lights,998,PFS,1,0
14_driving_03,474,PHR,1,0
39_glitch_motion_01,1545,PHF,0,1
39_glitch_motion_01,1545,PS,0,1
39_glitch_motion_01,1545,PHP,0,1
12_driving_01,206,PFS,1,0
17_flikering_lights,235,PFS,1,0
7_glitch_lines,291,flash,0,1
17_flikering_lights,56,flash,1,0
45_stage_lights_02,17,PSP,1,0
9_fireworks_01,390,PFS,1,0
9_fireworks_01,87,PSP,1,0
9_fireworks_01,87,PHP,1,0
44_light_tunnel_03,282,PFS,1,0
29_pattern,135,PHP,1,0
43_light_tunnel_02,18,PFS,1,0
43_light_tunnel_02,18,PHP,0,1
40_glitch_motion_02,457,PSP,0,1
40_glitch_motion_02,457,PHP,0,1
6_red_blue_lights,88,PS,1,0
11_fireworks_03,1575,PHF,1,0
11_fireworks_03,1575,PS,1,0
39_glitch_motion_01,1509,PS,1,0
17_flikering_lights,177,PFS,0,1
13_driving_02,46,PHF,0,1
13_driving_02,46,PHR,1,0
46_stage_lights_03,1081,PHP,1,0
39_glitch_motion_01,1482,PHF,1,0
39_glitch_motion_01,1482,PS,1,0
39_glitch_motion_01,1482,PSP,1,0
39_glitch_motion_01,1482,PHP,1,0
9_fireworks_01,370,PFS,1,0
9_fireworks_01,370,PSP,0,1
39_glitch_motion_01,102,PFS,0,1
39_glitch_motion_01,102,PS,0,1
39_glitch_motion_01,102,PSP,0,1
39_glitch_motion_01,102,PHP,0,1
8_fast_lines,14,flash,0,1
39_glitch_motion_01,828,PHP,1,0
4_clublights_02,449,PHF,1,0
4_clublights_02,449,PS,1,0
39_glitch_motion_01,1336,PFS,0,1
44_light_tunnel_03,486,PHP,0,1
43_light_tunnel_02,218,PFS,1,0
39_glitch_motion_01,1703,PSP,1,0
39_glitch_motion_01,1703,PHP,1,0
10_fireworks_02,57,PHF,1,0
10_fireworks_02,57,PS,1,0
10_fireworks_02,57,flash,0,1
44_light_tunnel_03,539,PHP,1,0
17_flikering_lights,1080,PFS,1,0
33_flash_burst,397,PSP,1,0
33_flash_burst,397,PHP,1,0
39_glitch_motion_01,520,PHF,0,1
39_glitch_motion_01,520,PFS,0,1
39_glitch_motion_01,520,PS,0,1
39_glitch_motion_01,520,PSP,1,0
39_glitch_motion_01,520,PHP,1,0
40_glitch_motion_02,445,PHF,1,0
40_glitch_motion_02,445,PSP,1,0
40_glitch_motion_02,445,PHP,1,0
30_flash,251,PSP,1,0
30_flash,251,pattern,1,0
47_spinning_lights,194,PSP,0,1
47_spinning_lights,194,PHP,0,1
45_stage_lights_02,171,PHF,1,0
45_stage_lights_02,171,PFS,1,0
45_stage_lights_02,171,PS,1,0
48_stage_lights_04,79,PSP,1,0
48_stage_lights_04,79,PHP,1,0
9_fireworks_01,489,PSP,1,0
9_fireworks_01,489,PHP,1,0
44_light_tunnel_03,774,PHF,1,0
44_light_tunnel_03,774,PS,1,0
44_light_tunnel_03,546,PHP,1,0
29_pattern,204,PSP,0,1
1_subway,439,PHF,0,1
1_subway,439,PFS,0,1
4_clublights_02,694,PHP,0,1
24_flickiering_light,126,PSP,1,0
43_light_tunnel_02,146,PFS,1,0
43_light_tunnel_02,146,PS,1,0
17_flikering_lights,305,flash,1,0
27_lightning,332,PHF,0,1
39_glitch_motion_01,1569,PFS,0,1
39_glitch_motion_01,644,PHF,0,1
39_glitch_motion_01,644,PS,0,1
4_clublights_02,668,PSP,0,1
4_clublights_02,668,PHP,0,1
17_flikering_lights,1062,PFS,1,0
30_flash,280,PHP,0,1
39_glitch_motion_01,1121,PHF,1,0
23_flickering_light,238,PHF,1,0
23_flickering_light,238,PFS,1,0
23_flickering_light,238,PS,1,0
1_subway,132,PHF,1,0
1_subway,132,PS,1,0
23_flickering_light,150,PHF,1,0
23_flickering_light,150,PS,1,0
17_flikering_lights,1246,PFS,0,1
48_stage_lights_04,81,PSP,1,0
48_stage_lights_04,81,PHP,1,0
39_glitch_motion_01,1392,PHF,1,0
39_glitch_motion_01,1392,PS,1,0
46_stage_lights_03,594,PFS,1,0
39_glitch_motion_01,1803,PHF,1,0
39_glitch_motion_01,1803,PS,1,0
44_light_tunnel_03,497,PHF,1,0
44_light_tunnel_03,497,PFS,1,0
44_light_tunnel_03,497,PS,1,0
47_spinning_lights,19,PHF,1,0
47_spinning_lights,19,PS,1,0
49_light_tunnel_04,75,PHF,1,0
30_flash,78,PSP,1,0
30_flash,78,PHP,1,0
39_glitch_motion_01,1424,PFS,0,1
39_glitch_motion_01,271,PS,0,1
9_fireworks_01,176,PHF,0,1
9_fireworks_01,176,PFS,0,1
9_fireworks_01,176,PS,0,1
12_driving_01,151,PHF,0,1
12_driving_01,151,PHR,1,0
1_subway,163,PFS,0,1
39_glitch_motion_01,976,PSP,1,0
11_fireworks_03,1564,flash,0,1
39_glitch_motion_01,736,PHF,1,0
39_glitch_motion_01,736,PS,1,0
45_stage_lights_02,59,PHF,0,1
45_stage_lights_02,59,PS,0,1
39_glitch_motion_01,100,PHF,0,1
39_glitch_motion_01,100,PFS,0,1
39_glitch_motion_01,100,PHP,1,0
9_fireworks_01,427,PHP,1,0
24_flickiering_light,38,PSP,1,0
24_flickiering_light,38,PHP,1,0
9_fireworks_01,206,PSP,0,1
9_fireworks_01,206,PHP,0,1
39_glitch_motion_01,191,PFS,1,0
39_glitch_motion_01,191,PSP,1,0
39_glitch_motion_01,191,PHP,1,0
39_glitch_motion_01,1149,PFS,0,1
9_fireworks_01,181,PSP,0,1
9_fireworks_01,181,PHP,0,1
46_stage_lights_03,100,PSP,1,0
46_stage_lights_03,100,PHP,1,0
8_fast_lines,70,flash,0,1
39_glitch_motion_01,620,PSP,0,1
10_fireworks_02,46,flash,0,1
9_fireworks_01,694,PHF,1,0
9_fireworks_01,694,PS,1,0
39_glitch_motion_01,279,PFS,1,0
39_glitch_motion_01,279,PSP,1,0
39_glitch_motion_01,279,PHP,1,0
17_flikering_lights,236,PFS,1,0
17_flikering_lights,189,PFS,1,0
30_flash,30,PHP,1,0
47_spinning_lights,132,PHF,1,0
47_spinning_lights,132,PS,1,0
29_pattern,60,PHP,1,0
46_stage_lights_03,234,PSP,1,0
46_stage_lights_03,234,PHP,1,0
46_stage_lights_03,358,PFS,0,1
39_glitch_motion_01,1627,PFS,1,0
39_glitch_motion_01,1731,PFS,0,1
1_subway,470,PHF,0,1
1_subway,470,PS,0,1
17_flikering_lights,952,PHR,1,0
39_glitch_motion_01,665,PHF,0,1
39_glitch_motion_01,665,PS,0,1
47_spinning_lights,204,PSP,0,1
47_spinning_lights,204,PHP,0,1
24_flickiering_light,437,PSP,0,1
24_flickiering_light,437,PHP,0,1
30_flash,150,PSP,0,1
39_glitch_motion_01,321,PHF,0,1
39_glitch_motion_01,321,PFS,0,1
39_glitch_motion_01,321,PS,0,1
45_stage_lights_02,375,PHF,1,0
45_stage_lights_02,375,PS,1,0
46_stage_lights_03,988,PSP,0,1
46_stage_lights_03,988,PHP,0,1
45_stage_lights_02,98,PHF,1,0
45_stage_lights_02,98,PFS,1,0
45_stage_lights_02,98,PS,1,0
12_driving_01,102,PFS,1,0
43_light_tunnel_02,115,PHF,1,0
43_light_tunnel_02,115,PS,1,0
39_glitch_motion_01,1221,PS,1,0
39_glitch_motion_01,71,PHF,0,1
39_glitch_motion_01,71,PFS,0,1
39_glitch_motion_01,71,PS,0,1
17_flikering_lights,1445,PHR,1,0
17_flikering_lights,1445,PFS,0,1
17_flikering_lights,1445,flash,0,1
39_glitch_motion_01,1423,PHF,1,0
39_glitch_motion_01,1423,PFS,0,1
39_glitch_motion_01,1423,PS,1,0
39_glitch_motion_01,1423,PSP,0,1
39_glitch_motion_01,1423,PHP,0,1
43_light_tunnel_02,81,PHP,0,1
39_glitch_motion_01,949,PSP,0,1
39_glitch_motion_01,949,PHP,0,1
43_light_tunnel_02,44,PFS,1,0
6_red_blue_lights,57,PS,1,0
46_stage_lights_03,69,PHP,1,0
45_stage_lights_02,107,PHF,1,0
43_light_tunnel_02,167,PS,1,0
43_light_tunnel_02,167,PHP,0,1
44_light_tunnel_03,576,PHF,1,0
44_light_tunnel_03,576,PS,1,0
4_clublights_02,162,PHP,1,0
1_subway,375,PFS,0,1
1_subway,375,PS,1,0
43_light_tunnel_02,161,PHP,1,0
39_glitch_motion_01,449,PS,1,0
23_flickering_light,36,PHF,1,0
23_flickering_light,36,PS,1,0
39_glitch_motion_01,18,PHF,0,1
39_glitch_motion_01,18,PS,0,1
45_stage_lights_02,330,PHF,1,0
45_stage_lights_02,330,PS,1,0
24_flickiering_light,393,PSP,1,0
24_flickiering_light,393,PHP,1,0
23_flickering_light,158,PHF,1,0
23_flickering_light,158,PS,1,0
9_fireworks_01,157,PSP,0,1
9_fireworks_01,157,PHP,0,1
17_flikering_lights,1339,PS,0,1
39_glitch_motion_01,420,PHF,1,0
39_glitch_motion_01,420,PFS,1,0
39_glitch_motion_01,420,PS,1,0
43_light_tunnel_02,199,PHF,1,0
43_light_tunnel_02,199,PFS,1,0
5_firetruck_flash,147,PHF,0,1
5_firetruck_flash,147,PS,0,1
5_firetruck_flash,147,pattern,1,0
44_light_tunnel_03,397,PHF,0,1
44_light_tunnel_03,397,PS,0,1
17_flikering_lights,38,PFS,1,0
46_stage_lights_03,545,flash,1,0
4_clublights_02,647,PSP,0,1
44_light_tunnel_03,806,PHP,1,0
17_flikering_lights,604,PFS,0,1
17_flikering_lights,418,PFS,1,0
45_stage_lights_02,335,PHF,1,0
46_stage_lights_03,766,PHF,1,0
46_stage_lights_03,766,PFS,1,0
46_stage_lights_03,766,PS,1,0
4_clublights_02,527,PHF,1,0
4_clublights_02,527,PHR,0,1
4_clublights_02,527,PFS,1,0
9_fireworks_01,704,PS,1,0
40_glitch_motion_02,134,PSP,1,0
43_light_tunnel_02,50,PHF,1,0
43_light_tunnel_02,50,PFS,1,0
43_light_tunnel_02,50,PS,1,0
46_stage_lights_03,887,PHF,1,0
46_stage_lights_03,887,PS,1,0
46_stage_lights_03,887,PSP,0,1
11_fireworks_03,1536,flash,0,1
11_fireworks_03,809,PHF,1,0
11_fireworks_03,809,PS,1,0
11_fireworks_03,809,flash,1,0
39_glitch_motion_01,1061,PFS,1,0
4_clublights_02,592,flash,1,0
39_glitch_motion_01,1716,PSP,1,0
39_glitch_motion_01,1716,PHP,1,0
17_flikering_lights,527,PFS,0,1
39_glitch_motion_01,1656,PHF,1,0
39_glitch_motion_01,1656,PFS,1,0
39_glitch_motion_01,1656,PS,1,0
39_glitch_motion_01,1656,PSP,0,1
39_glitch_motion_01,465,PHF,0,1
39_glitch_motion_01,465,PS,0,1
44_light_tunnel_03,676,PHP,1,0
9_fireworks_01,210,PSP,1,0
9_fireworks_01,210,PHP,1,0
40_glitch_motion_02,515,PHP,1,0
39_glitch_motion_01,1585,PHF,1,0
39_glitch_motion_01,1585,PS,1,0
39_glitch_motion_01,1585,PSP,0,1
39_glitch_motion_01,1585,PHP,0,1
24_flickiering_light,281,PSP,0,1
24_flickiering_light,281,PHP,0,1
43_light_tunnel_02,267,PHP,0,1
39_glitch_motion_01,585,PFS,1,0
9_fireworks_01,119,PHF,0,1
9_fireworks_01,119,PS,0,1
9_fireworks_01,119,PSP,0,1
9_fireworks_01,119,PHP,0,1
4_clublights_02,108,PHP,1,0
4_clublights_02,108,flash,1,0
45_stage_lights_02,342,PS,0,1
17_flikering_lights,658,flash,0,1
23_flickering_light,76,PHF,1,0
23_flickering_light,76,PS,1,0
24_flickiering_light,360,PSP,0,1
24_flickiering_light,360,PHP,0,1
39_glitch_motion_01,123,PHF,0,1
39_glitch_motion_01,123,PFS,0,1
39_glitch_motion_01,219,PS,1,0
39_glitch_motion_01,1251,PFS,0,1
12_driving_01,35,PHR,1,0
12_driving_01,35,PFS,1,0
39_glitch_motion_01,896,PFS,0,1
39_glitch_motion_01,896,PHP,1,0
39_glitch_motion_01,302,PHF,1,0
39_glitch_motion_01,302,PFS,1,0
39_glitch_motion_01,302,PS,1,0
39_glitch_motion_01,302,flash,1,0
46_stage_lights_03,1141,pattern,0,1
46_stage_lights_03,105,PHF,1,0
46_stage_lights_03,105,PS,1,0
46_stage_lights_03,105,PSP,0,1
46_stage_lights_03,404,PFS,1,0
9_fireworks_01,712,PHF,0,1
4_clublights_02,519,PHF,1,0
4_clublights_02,519,PFS,1,0
4_clublights_02,519,PS,1,0
4_clublights_02,519,PHP,1,0
23_flickering_light,229,PFS,1,0
39_glitch_motion_01,1294,PFS,1,0
46_stage_lights_03,1288,PSP,0,1
9_fireworks_01,21,PHF,1,0
9_fireworks_01,21,PFS,1,0
9_fireworks_01,21,PS,1,0
8_fast_lines,231,flash,1,0
39_glitch_motion_01,1250,PFS,0,1
24_flickiering_light,370,PSP,1,0
30_flash,134,PSP,0,1
12_driving_01,3,PHR,1,0
11_fireworks_03,955,flash,0,1
1_subway,194,PHF,0,1
1_subway,194,PS,0,1
27_lightning,69,PHF,1,0
27_lightning,69,PS,1,0
45_stage_lights_02,410,PFS,1,0
49_light_tunnel_04,141,PHP,0,1
17_flikering_lights,522,PHF,0,1
17_flikering_lights,522,PS,0,1
25_lightning,297,flash,1,0
10_fireworks_02,35,flash,1,0
46_stage_lights_03,527,PHF,1,0
46_stage_lights_03,527,PS,1,0
46_stage_lights_03,527,PSP,1,0
46_stage_lights_03,527,PHP,1,0
46_stage_lights_03,527,flash,0,1
12_driving_01,176,PS,1,0
30_flash,111,PSP,0,1
1_subway,345,PHF,0,1
49_light_tunnel_04,271,PHP,0,1
9_fireworks_01,412,PS,1,0
39_glitch_motion_01,381,PS,0,1
39_glitch_motion_01,381,PSP,0,1
39_glitch_motion_01,381,PHP,0,1
39_glitch_motion_01,391,PHF,0,1
39_glitch_motion_01,391,PS,0,1
39_glitch_motion_01,391,PSP,1,0
39_glitch_motion_01,391,PHP,1,0
45_stage_lights_02,207,PHF,1,0
45_stage_lights_02,207,PS,1,0
46_stage_lights_03,685,PFS,1,0
46_stage_lights_03,685,PSP,1,0
46_stage_lights_03,685,PHP,1,0
39_glitch_motion_01,1459,PHP,1,0
33_flash_burst,206,PSP,1,0
46_stage_lights_03,817,PSP,0,1
47_spinning_lights,256,PSP,0,1
47_spinning_lights,256,PHP,0,1
11_fireworks_03,1698,PSP,0,1
12_driving_01,190,PHR,0,1
12_driving_01,190,PS,0,1
1_subway,431,PHF,0,1
1_subway,431,PS,0,1
43_light_tunnel_02,49,PHF,1,0
43_light_tunnel_02,49,PFS,1,0
43_light_tunnel_02,49,PS,1,0
11_fireworks_03,91,PSP,0,1
23_flickering_light,88,PHF,1,0
23_flickering_light,88,PS,1,0
11_fireworks_03,483,PHF,1,0
11_fireworks_03,483,PS,1,0
39_glitch_motion_01,1021,PHF,0,1
39_glitch_motion_01,1021,PFS,1,0
39_glitch_motion_01,1021,PS,0,1
9_fireworks_01,619,PHF,0,1
9_fireworks_01,619,PS,0,1
44_light_tunnel_03,87,PHP,1,0
46_stage_lights_03,149,PSP,1,0
46_stage_lights_03,149,PHP,1,0
9_fireworks_01,218,PSP,0,1
9_fireworks_01,218,PHP,0,1
44_light_tunnel_03,485,PHP,0,1
30_flash,312,PHP,0,1
17_flikering_lights,760,PHF,0,1
17_flikering_lights,760,PFS,1,0
17_flikering_lights,760,PS,0,1
44_light_tunnel_03,189,PHP,1,0
25_lightning,123,flash,1,0
4_clublights_02,362,PSP,0,1
4_clublights_02,362,PHP,0,1
17_flikering_lights,86,PHF,1,0
17_flikering_lights,86,PS,1,0
17_flikering_lights,370,PFS,0,1
17_flikering_lights,370,PS,0,1
17_flikering_lights,1272,PHR,1,0
17_flikering_lights,1272,PS,1,0
17_flikering_lights,548,PFS,0,1
9_fireworks_01,188,PSP,0,1
9_fireworks_01,237,PSP,0,1
9_fireworks_01,237,PHP,0,1
17_flikering_lights,761,PFS,1,0
11_fireworks_03,1571,PHF,1,0
11_fireworks_03,1571,PFS,1,0
11_fireworks_03,1571,PS,1,0
17_flikering_lights,353,flash,1,0
39_glitch_motion_01,863,PHF,1,0
39_glitch_motion_01,863,PFS,1,0
39_glitch_motion_01,863,PS,1,0
18_fast_moving_people,46,PHF,1,0
18_fast_moving_people,46,PS,1,0
8_fast_lines,18,flash,0,1
9_fireworks_01,400,PFS,1,0
47_spinning_lights,169,PHF,0,1
11_fireworks_03,1019,PHF,1,0
11_fireworks_03,1019,PS,1,0
14_driving_03,465,PHR,1,0
14_driving_03,465,PS,1,0
11_fireworks_03,723,PHF,1,0
11_fireworks_03,723,PS,1,0
44_light_tunnel_03,337,PHP,1,0
46_stage_lights_03,198,PSP,1,0
46_stage_lights_03,198,PHP,1,0
4_clublights_02,627,PHP,0,1
9_fireworks_01,797,PHF,1,0
9_fireworks_01,797,PS,1,0
1_subway,238,flash,0,1
1_subway,238,pattern,0,1
17_flikering_lights,886,PFS,1,0
17_flikering_lights,716,flash,0,1
4_clublights_02,733,PSP,0,1
4_clublights_02,733,flash,1,0
14_driving_03,116,PFS,1,0
44_light_tunnel_03,219,PHF,1,0
44_light_tunnel_03,219,PS,1,0
9_fireworks_01,239,PFS,1,0
9_fireworks_01,239,PSP,0,1
9_fireworks_01,239,PHP,0,1
39_glitch_motion_01,1741,PFS,0,1
39_glitch_motion_01,1741,PSP,1,0
39_glitch_motion_01,331,PHF,1,0
39_glitch_motion_01,331,PFS,0,1
39_glitch_motion_01,331,PS,1,0
45_stage_lights_02,282,PFS,0,1
34_patrol_lights,2,PHP,1,0
39_glitch_motion_01,161,PHF,0,1
39_glitch_motion_01,161,PS,0,1
39_glitch_motion_01,161,PHP,1,0
12_driving_01,34,PHF,1,0
12_driving_01,34,PFS,1,0
12_driving_01,34,PS,1,0
11_fireworks_03,1276,PHF,1,0
11_fireworks_03,1276,PFS,1,0
11_fireworks_03,1276,PS,1,0
14_driving_03,421,PHR,1,0
4_clublights_02,6,PHP,1,0
41_light_tunnel_01,198,PHP,1,0
39_glitch_motion_01,1043,PS,1,0
39_glitch_motion_01,1043,PSP,0,1
39_glitch_motion_01,1043,PHP,0,1
44_light_tunnel_03,278,PFS,1,0
14_driving_03,457,PHR,1,0
39_glitch_motion_01,925,PHF,0,1
39_glitch_motion_01,925,PHP,1,0
40_glitch_motion_02,8,PSP,1,0
46_stage_lights_03,749,PSP,0,1
46_stage_lights_03,749,PHP,0,1
8_fast_lines,296,flash,1,0
1_subway,465,PHF,1,0
1_subway,465,PFS,1,0
1_subway,465,flash,0,1
44_light_tunnel_03,699,PS,1,0
44_light_tunnel_03,205,PSP,0,1
9_fireworks_01,536,PSP,1,0
9_fireworks_01,536,PHP,1,0
4_clublights_02,270,PHF,1,0
4_clublights_02,270,PS,1,0
46_stage_lights_03,178,PSP,1,0
1_subway,176,PFS,0,1
4_clublights_02,554,PHP,0,1
40_glitch_motion_02,557,PHP,1,0
17_flikering_lights,929,PHF,1,0
17_flikering_lights,1148,PFS,1,0
27_lightning,380,PHF,1,0
27_lightning,380,PS,1,0
27_lightning,380,PSP,1,0
40_glitch_motion_02,32,PHP,1,0
18_fast_moving_people,73,PHR,1,0
18_fast_moving_people,73,PS,1,0
24_flickiering_light,32,PSP,1,0
24_flickiering_light,32,PHP,1,0
39_glitch_motion_01,20,PHR,1,0
49_light_tunnel_04,131,PHF,1,0
49_light_tunnel_04,131,PS,1,0
39_glitch_motion_01,1784,PSP,0,1
39_glitch_motion_01,1784,PHP,0,1
45_stage_lights_02,268,PFS,1,0
45_stage_lights_02,268,flash,1,0
24_flickiering_light,342,PSP,1,0
24_flickiering_light,342,PHP,1,0
4_clublights_02,325,PHP,1,0
40_glitch_motion_02,352,PSP,1,0
17_flikering_lights,94,PHF,1,0
17_flikering_lights,94,PS,1,0
46_stage_lights_03,1396,PSP,0,1
45_stage_lights_02,443,PHF,1,0
45_stage_lights_02,443,PFS,1,0
45_stage_lights_02,443,PS,1,0
14_driving_03,445,PHR,1,0
46_stage_lights_03,770,PHF,0,1
46_stage_lights_03,770,PS,0,1
9_fireworks_01,100,PHF,1,0
9_fireworks_01,100,PFS,0,1
9_fireworks_01,100,PSP,0,1
9_fireworks_01,100,PHP,0,1
30_flash,203,PSP,0,1
4_clublights_02,31,PHF,1,0
4_clublights_02,31,PS,1,0
39_glitch_motion_01,498,PHF,1,0
47_spinning_lights,282,PHF,1,0
47_spinning_lights,282,PFS,1,0
47_spinning_lights,282,PS,1,0
46_stage_lights_03,122,PHF,0,1
46_stage_lights_03,122,PSP,1,0
46_stage_lights_03,122,PHP,1,0
46_stage_lights_03,122,pattern,1,0
29_pattern,58,PHP,1,0
8_fast_lines,124,flash,0,1
17_flikering_lights,312,PHR,1,0
17_flikering_lights,312,PFS,1,0
39_glitch_motion_01,1360,PFS,0,1
39_glitch_motion_01,1360,PSP,1,0
39_glitch_motion_01,1360,PHP,1,0
9_fireworks_01,816,PHF,1,0
9_fireworks_01,816,PS,1,0
46_stage_lights_03,683,PHF,1,0
46_stage_lights_03,683,PFS,1,0
46_stage_lights_03,683,PS,1,0
11_fireworks_03,565,flash,0,1
49_light_tunnel_04,229,PHF,0,1
18_fast_moving_people,58,PS,0,1
39_glitch_motion_01,249,PHF,0,1
44_light_tunnel_03,678,PHF,1,0
44_light_tunnel_03,678,PS,1,0
44_light_tunnel_03,678,PHP,1,0
43_light_tunnel_02,29,PHF,1,0
43_light_tunnel_02,29,PFS,1,0
43_light_tunnel_02,29,PS,1,0
14_driving_03,540,PHR,1,0
9_fireworks_01,208,PSP,0,1
1_subway,100,PFS,1,0
6_red_blue_lights,379,PHF,1,0
6_red_blue_lights,379,PS,1,0
48_stage_lights_04,23,PFS,1,0
30_flash,128,PHP,1,0
14_driving_03,112,PFS,1,0
5_firetruck_flash,164,PHR,0,1
1_subway,370,PFS,0,1
46_stage_lights_03,1100,PHF,0,1
46_stage_lights_03,1100,PS,0,1
46_stage_lights_03,413,PFS,1,0
30_flash,177,PSP,0,1
1_subway,387,PHF,0,1
1_subway,387,PS,0,1
1_subway,387,PSP,1,0
1_subway,387,PHP,1,0
43_light_tunnel_02,40,PHF,1,0
43_light_tunnel_02,40,PFS,1,0
43_light_tunnel_02,40,PS,1,0
43_light_tunnel_02,40,PHP,1,0
49_light_tunnel_04,281,PHF,1,0
49_light_tunnel_04,281,PS,1,0
1_subway,179,PFS,0,1
46_stage_lights_03,1069,PSP,1,0
46_stage_lights_03,143,PHF,1,0
46_stage_lights_03,143,PS,1,0
46_stage_lights_03,143,PSP,1,0
46_stage_lights_03,143,PHP,1,0
46_stage_lights_03,143,flash,1,0
12_driving_01,201,PHF,1,0
12_driving_01,201,PFS,1,0
12_driving_01,201,PS,1,0
47_spinning_lights,247,PHF,0,1
47_spinning_lights,247,PFS,1,0
17_flikering_lights,1231,PHF,0,1
17_flikering_lights,1231,PS,0,1
24_flickiering_light,350,PSP,1,0
45_stage_lights_02,373,PS,0,1
8_fast_lines,143,flash,1,0
41_light_tunnel_01,22,PHP,1,0
12_driving_01,98,PS,0,1
14_driving_03,462,PHR,1,0
39_glitch_motion_01,1298,PHF,1,0
39_glitch_motion_01,1298,PFS,1,0
39_glitch_motion_01,1298,PS,1,0
17_flikering_lights,1331,PHR,1,0
17_flikering_lights,1371,PHR,0,1
39_glitch_motion_01,1481,PSP,1,0
39_glitch_motion_01,1481,PHP,1,0
11_fireworks_03,62,PS,0,1
11_fireworks_03,1215,PHF,1,0
11_fireworks_03,1215,PS,1,0
17_flikering_lights,566,PHF,0,1
17_flikering_lights,566,PS,0,1
39_glitch_motion_01,756,PHF,1,0
39_glitch_motion_01,756,PS,1,0
39_glitch_motion_01,756,PSP,0,1
29_pattern,181,PHP,0,1
39_glitch_motion_01,1049,PHF,0,1
39_glitch_motion_01,1049,PS,0,1
17_flikering_lights,16,PHF,1,0
17_flikering_lights,16,PS,1,0
45_stage_lights_02,425,PFS,1,0
45_stage_lights_02,425,flash,1,0
39_glitch_motion_01,437,PHF,0,1
44_light_tunnel_03,567,PHP,1,0
23_flickering_light,370,PHF,1,0
23_flickering_light,370,PS,1,0
14_driving_03,123,PHF,0,1
14_driving_03,123,PFS,1,0
1_subway,38,PHF,0,1
1_subway,38,PS,0,1
40_glitch_motion_02,288,PSP,1,0
40_glitch_motion_02,288,PHP,1,0
9_fireworks_01,125,flash,1,0
9_fireworks_01,229,PHF,1,0
9_fireworks_01,229,PFS,1,0
9_fireworks_01,229,PS,1,0
9_fireworks_01,229,PSP,1,0
9_fireworks_01,229,PHP,1,0
9_fireworks_01,216,PFS,1,0
9_fireworks_01,216,PSP,1,0
9_fireworks_01,216,PHP,1,0
44_light_tunnel_03,492,PHP,1,0
27_lightning,327,flash,1,0
39_glitch_motion_01,49,PHF,0,1
9_fireworks_01,640,PFS,1,0
9_fireworks_01,640,PSP,1,0
9_fireworks_01,640,PHP,1,0
25_lightning,5,flash,0,1
30_flash,209,PSP,0,1
46_stage_lights_03,834,PHF,1,0
46_stage_lights_03,834,PS,1,0
39_glitch_motion_01,1420,PFS,0,1
39_glitch_motion_01,1420,PS,1,0
17_flikering_lights,39,PFS,1,0
40_glitch_motion_02,416,PHF,1,0
40_glitch_motion_02,416,PS,1,0
14_driving_03,411,PHR,1,0
38_riot_fire,238,PHF,1,0
49_light_tunnel_04,106,PHF,0,1
49_light_tunnel_04,106,PS,0,1
44_light_tunnel_03,246,PHP,1,0
9_fireworks_01,794,PS,0,1
30_flash,71,PSP,0,1
44_light_tunnel_03,285,PHF,0,1
44_light_tunnel_03,285,PS,0,1
39_glitch_motion_01,1060,PSP,1,0
39_glitch_motion_01,1060,PHP,1,0
39_glitch_motion_01,553,PFS,0,1
39_glitch_motion_01,553,PS,0,1
39_glitch_motion_01,1418,PFS,0,1
39_glitch_motion_01,1418,PSP,0,1
39_glitch_motion_01,1418,PHP,0,1
46_stage_lights_03,65,PSP,1,0
44_light_tunnel_03,785,PHP,0,1
39_glitch_motion_01,1386,PFS,0,1
45_stage_lights_02,262,PHR,1,0
17_flikering_lights,283,PHF,0,1
17_flikering_lights,283,PS,0,1
18_fast_moving_people,21,pattern,1,0
40_glitch_motion_02,559,PHP,1,0
24_flickiering_light,15,PHP,1,0
4_clublights_02,33,PHF,1,0
4_clublights_02,33,PS,1,0
4_clublights_02,33,PHP,0,1
39_glitch_motion_01,1368,PHF,0,1
39_glitch_motion_01,1368,PS,0,1
39_glitch_motion_01,593,PFS,0,1
39_glitch_motion_01,456,PHF,0,1
39_glitch_motion_01,456,PS,0,1
39_glitch_motion_01,234,PFS,0,1
39_glitch_motion_01,234,PS,1,0
4_clublights_02,599,PHF,1,0
4_clublights_02,599,PS,1,0
44_light_tunnel_03,80,PHP,1,0
46_stage_lights_03,1187,PHF,1,0
46_stage_lights_03,1187,PS,1,0
46_stage_lights_03,268,flash,1,0
41_light_tunnel_01,119,PHP,1,0
46_stage_lights_03,744,PHF,1,0
46_stage_lights_03,744,PS,1,0
39_glitch_motion_01,397,PFS,1,0
39_glitch_motion_01,397,PSP,1,0
39_glitch_motion_01,397,PHP,1,0
39_glitch_motion_01,629,PS,1,0
39_glitch_motion_01,597,PS,1,0
40_glitch_motion_02,397,PSP,0,1
1_subway,352,PS,0,1
47_spinning_lights,109,PHF,0,1
47_spinning_lights,109,PS,0,1
17_flikering_lights,944,flash,0,1
13_driving_02,13,PHF,1,0
13_driving_02,13,flash,0,1
17_flikering_lights,504,PS,0,1
9_fireworks_01,312,PSP,0,1
9_fireworks_01,312,PHP,0,1
39_glitch_motion_01,1732,PFS,0,1
9_fireworks_01,221,PFS,1,0
9_fireworks_01,221,PSP,0,1
9_fireworks_01,221,PHP,0,1
39_glitch_motion_01,5,PHF,1,0
39_glitch_motion_01,5,PS,1,0
39_glitch_motion_01,394,PHF,1,0
44_light_tunnel_03,493,PHP,1,0
39_glitch_motion_01,1705,PFS,1,0
39_glitch_motion_01,1705,PSP,0,1
39_glitch_motion_01,1705,PHP,0,1
45_stage_lights_02,215,PSP,0,1
9_fireworks_01,91,PSP,1,0
9_fireworks_01,91,PHP,1,0
29_pattern,35,PHP,1,0
39_glitch_motion_01,1262,PFS,0,1
39_glitch_motion_01,1262,PSP,1,0
39_glitch_motion_01,1262,PHP,1,0
17_flikering_lights,1149,PFS,1,0
46_stage_lights_03,1070,PHR,1,0
46_stage_lights_03,1070,PS,1,0
9_fireworks_01,605,PHF,0,1
9_fireworks_01,605,PSP,0,1
9_fireworks_01,605,PHP,0,1
47_spinning_lights,278,PSP,0,1
47_spinning_lights,278,PHP,0,1
12_driving_01,153,PHR,1,0
12_driving_01,153,PS,1,0
40_glitch_motion_02,250,PHF,1,0
40_glitch_motion_02,250,PS,1,0
9_fireworks_01,26,PFS,1,0
17_flikering_lights,729,flash,1,0
45_stage_lights_02,423,PHF,1,0
9_fireworks_01,56,PSP,0,1
9_fireworks_01,56,PHP,0,1
